year,scenario,iceOut,eggMass,temperatureIndex,precipitationIndex,survivorship,meanAprilTemp,tempStart,tempEnd,precipStart,precipEnd
2000,SSP126,116,138,0.050072837744102636,0.1681658110770481,0.7135531313150447,2.892282620343133,116,138,128,148
2001,SSP126,119,141,1.3296471996728114,0.21156196751062104,0.6397875891261497,1.9261832007431334,119,141,131,151
2002,SSP126,119,141,2.0155069768902028,0.3001328113791434,0.6637726091891066,2.0422534795431337,119,141,131,151
2003,SSP126,117,139,0.9612052004475874,0.28643812266855434,0.7418900454340377,2.8170047883431333,117,139,129,149
2004,SSP126,114,136,0.03895728077974827,0.20601295078632575,0.7471796280585664,3.561136330343133,114,136,126,146
2005,SSP126,117,139,1.1586436505345439,0.1452583317793309,0.5875265345365515,2.8057131135431335,117,139,129,149
2006,SSP126,114,136,0.2273579250010559,0.18174732054210044,0.7107647535704851,3.6410935951431336,114,136,126,146
2007,SSP126,115,137,0.4969630930484505,0.36051393887585725,0.8282499618230306,3.4538145563431337,115,137,127,147
2008,SSP126,117,139,0.5813370270088888,0.15705683282230334,0.6557155249503492,2.6695009283431337,117,139,129,149
2009,SSP126,117,139,1.2793889392301963,0.34370682091285376,0.7642202652526466,2.7969646087431337,117,139,129,149
2010,SSP126,115,137,0.7380556090484504,0.2340109810390987,0.7145656734760155,3.3817919819431337,115,137,127,147
2011,SSP126,115,137,1.2759692358310593,0.25365386787651684,0.6860280085363559,3.4905379311431335,115,137,127,147
2012,SSP126,114,136,0.9966929882580089,0.46363909477229764,0.8605532236345557,3.6492317391431333,114,136,126,146
2013,SSP126,116,138,0.41600886248714936,0.3168984302854415,0.8045633700513335,2.937144139143134,116,138,128,148
2014,SSP126,117,139,0.7657570573171527,0.2708759764065099,0.7442587020665618,2.6885238399431337,117,139,129,149
2015,SSP126,112,134,0.9169631038627883,0.15820603746934708,0.6249381146506693,4.406791218743134,112,134,124,144
2016,SSP126,115,137,0.4807903441314906,0.24950396220663912,0.7487776104961428,3.4173963619431333,115,137,127,147
2017,SSP126,119,141,1.540619737064116,0.2777233207618068,0.6852460407965184,2.0356412375431336,119,141,131,151
2018,SSP126,116,138,0.36386282022627975,0.24742900937170254,0.7560828608864323,2.965322462743133,116,138,128,148
2019,SSP126,115,137,0.9588469940919288,0.3170644265122415,0.7669885217977935,3.3523929367431333,115,137,127,147
2020,SSP126,114,136,1.325624384605835,0.216304716847621,0.6449578386109619,3.813113613943133,114,136,126,146
2021,SSP126,113,135,-0.0931991011332953,0.2339003168878998,0.779166676496959,3.8636718335431337,113,135,125,145
2022,SSP126,114,136,0.835197669522795,0.18933032999342614,0.6639943697945998,3.5635777735431335,114,136,126,146
2023,SSP126,112,134,0.4987332687323535,0.2013650564360646,0.7053963833932461,4.210865401943134,112,134,124,144
2024,SSP126,112,134,1.234896549380611,0.32752218880033107,0.7545863001383545,4.267120322343134,112,134,124,144
2025,SSP126,111,133,1.1547535225980021,0.35117665111862645,0.7790794653748383,4.7236702007431335,111,133,123,143
2026,SSP126,112,134,0.47285927829757096,0.2650820696443314,0.7620303971014128,4.3977375335431335,112,134,124,144
2027,SSP126,116,138,1.7883918525741058,0.34080188694393854,0.721671941811441,3.0869877155431333,116,138,128,148
2028,SSP126,113,135,1.0268280478627883,0.2787192981225731,0.7300280504844505,4.0853345307431335,113,135,125,145
2029,SSP126,110,132,0.9437960662027814,0.2435755255353865,0.7057109751130477,5.049806321543134,110,132,122,142
2030,SSP126,109,131,0.4861732343293,0.25232589806215966,0.7506870245373328,5.163842064343133,109,131,121,141
2031,SSP126,111,133,0.6328950385980023,0.3841684011941531,0.8349378577352968,4.744931101943133,111,133,123,143
2032,SSP126,116,138,1.8706729544397547,0.4121802644658253,0.7742458410418529,3.056266221943133,116,138,128,148
2033,SSP126,114,136,1.2101715001314906,0.3581676460548081,0.7804213798164095,3.5267526719431332,114,136,126,146
2034,SSP126,115,137,1.6959240036571461,0.2611236980822957,0.6549418309244724,3.3870817755431335,115,137,127,147
2035,SSP126,109,131,0.5840963365901697,0.15820603746934467,0.656597618767804,5.340439789143133,109,131,121,141
2036,SSP126,110,132,0.6747216466771262,0.3180151321747921,0.7880179783416672,5.0976179175431335,110,132,122,142
2037,SSP126,109,131,0.41359337398147417,0.2363902602898274,0.7431206068515648,5.146446781543133,109,131,121,141
2038,SSP126,114,136,1.8084577712619254,0.30579177365624793,0.6879634705241513,3.5909422827431334,114,136,126,146
2039,SSP126,113,135,0.74591431173627,0.23859563873153608,0.7179999833056991,3.8685547199431336,113,135,125,145
2040,SSP126,116,138,1.9533370367006242,0.39652919165371786,0.7557443164637004,3.1836281755431335,116,138,128,148
2041,SSP126,109,131,1.0707927310249523,0.22244657723904263,0.6746488707788877,5.248173581543134,109,131,121,141
2042,SSP126,107,129,0.8644944051910324,0.36350268387141504,0.8075971980184637,6.049272131543133,107,129,119,139
2043,SSP126,107,129,1.4794992547562495,0.2611236980822997,0.6748718189196411,5.843071907943133,107,129,119,139
2044,SSP126,116,138,2.034541560526711,0.23141037348597815,0.5915236261183248,3.186476525943134,116,138,128,148
2045,SSP126,112,134,0.728414691514962,0.3535708274666333,0.8095486217712445,4.196013289143133,112,134,124,144
2046,SSP126,111,133,1.3958460385980023,0.35106347187308806,0.7613590799283242,4.640254224743134,111,133,123,143
2047,SSP126,114,136,1.961711406914099,0.2841971736068165,0.6530240335746498,3.5810747831431335,114,136,126,146
2048,SSP126,109,131,0.4479744217601664,0.12579874679983052,0.6369198950024091,5.204939691543133,109,131,121,141
2049,SSP126,113,135,1.5145708583449655,0.25879975090716534,0.6694263346819861,4.094083035543133,113,135,125,145
2050,SSP126,113,135,1.5823739819971396,0.45434330607177587,0.8230165352203992,4.006801441143133,113,135,125,145
2051,SSP126,109,131,0.972604254503213,0.2768178867974676,0.732790101002349,5.398627518743133,109,131,121,141
2052,SSP126,108,130,0.29712423545190225,0.31371569680053196,0.8100327779864476,5.425076486743134,108,130,120,140
2053,SSP126,113,135,1.3577346701710524,0.25780377354639805,0.6826659290866387,3.8783204927431334,113,135,125,145
2054,SSP126,115,137,1.5597870078310592,0.1945592111374682,0.5997876581747552,3.3191282731431335,115,137,127,147
2055,SSP126,111,133,1.2184433452066978,0.1880853582924605,0.6265023804171821,4.735470509543133,111,133,123,143
2056,SSP126,107,129,0.8789723834045073,0.24248977910696837,0.7102646919112136,5.810621058743133,107,129,119,139
2057,SSP126,109,131,0.3752467932858218,0.29266298117336315,0.7900798302351986,5.403713858743133,109,131,121,141
2058,SSP126,112,134,1.0195302556888752,0.35420015382096653,0.7907576899816381,4.4138103679431335,112,134,124,144
2059,SSP126,112,134,1.8561226130801796,0.21132483004377414,0.5880125958982922,4.280853440343134,112,134,124,144
2060,SSP126,106,128,0.772307011531026,0.5465806412471583,0.9069675170879355,6.143369421543134,106,128,118,138
2061,SSP126,108,130,0.2535877756732097,0.2727434339579572,0.7838355378490156,5.585194469943133,108,130,120,140
2062,SSP126,112,134,1.4611130257758318,0.4456813211462857,0.8247666858052188,4.330190938343133,112,134,124,144
2063,SSP126,109,131,2.5367201480684303,0.31756241519262524,0.6321103357055823,5.111452762343133,109,131,121,141
2064,SSP126,108,130,0.3931897178866847,0.2730456916489117,0.7741293855696427,5.619171221143134,108,130,120,140
2065,SSP126,109,131,0.8829077543293001,0.3048863396919087,0.7630108941812297,5.198327449543133,109,131,121,141
2066,SSP126,112,134,1.542848298123658,0.17812558468475298,0.5840354832878585,4.364371143143133,112,134,124,144
2067,SSP126,107,129,1.2844491730171195,0.24195366345167013,0.6740784984967734,5.775932219943134,107,129,119,139
2068,SSP126,108,130,0.6885512702345108,0.2816159936440173,0.7590244379844423,5.602081118743133,108,130,120,140
2069,SSP126,111,133,1.4925749566849589,0.19356323377670132,0.6053933129510416,4.683996748743133,111,133,123,143
2070,SSP126,110,132,1.2342481947245207,0.32503224539840725,0.7526041548881778,5.078289825543133,110,132,122,142
2071,SSP126,111,133,0.8731914318153936,0.26527360375217424,0.7308989357043336,4.741472390743133,111,133,123,143
2072,SSP126,109,131,0.6864131951514706,0.2271064346761607,0.7127275916479305,5.421109141543134,109,131,121,141
2073,SSP126,110,132,1.8525702225506075,0.16218994691242522,0.5352639433765958,4.961914366343134,110,132,122,142
2074,SSP126,108,130,1.2832399078471228,0.24620758334996365,0.6782813322710836,5.602589752743133,108,130,120,140
2075,SSP126,110,132,0.9802850270723468,0.30677266045094614,0.7571821508077943,4.9336343159431335,110,132,122,142
2076,SSP126,113,135,1.8313101196888752,0.28730002615383193,0.6681661275447203,4.017686208743133,113,135,125,145
2077,SSP126,109,131,1.559744806677126,0.20877104193923154,0.6146864346457453,5.406053575143133,109,131,121,141
2078,SSP126,110,132,1.4750753364636513,0.2578037735463958,0.6720655171885203,5.097923097943133,110,132,122,142
2079,SSP126,110,132,1.5395612818549553,0.3280755095563143,0.7310011202965155,5.051739130743134,110,132,122,142
2080,SSP126,112,134,0.9640821161632196,0.2437695470991736,0.7041439595633086,4.267832409943134,112,134,124,144
2081,SSP126,110,132,1.289578728115825,0.25424671154364126,0.6853769873165975,4.9461467123431335,110,132,122,142
2082,SSP126,107,129,0.7404319382345107,0.2627380268848634,0.7394145193180968,5.817538481143133,107,129,119,139
2083,SSP126,112,134,1.820960523514962,0.30669720762058267,0.6877080625698633,4.181568083543134,112,134,124,144
2084,SSP126,111,133,1.2394229928114773,0.25424671154364586,0.6898307678959433,4.680843217943133,111,133,123,143
2085,SSP126,112,134,1.7543515840367012,0.3669085662489807,0.7467916970648678,4.2858380535431335,112,134,124,144
2086,SSP126,108,130,0.8397995179340794,0.3932221015170839,0.8285363655699144,5.703401011543134,108,130,120,140
2087,SSP126,110,132,0.9062456082897382,0.43143582677405207,0.8475817851825628,5.040244002343133,110,132,122,142
2088,SSP126,110,132,0.8971052772858219,0.3612747549153337,0.8039551287580509,5.053265032743133,110,132,122,142
2089,SSP126,112,134,1.4503653682106146,0.3474417360157417,0.7543021247278662,4.335379005143133,112,134,124,144
2090,SSP126,113,135,1.9105092555623566,0.1544711223664565,0.520842006507616,3.965093453143133,113,135,125,145
2091,SSP126,109,131,1.283357513981474,0.4470394720927921,0.8359551272688842,5.182356341943134,109,131,121,141
2092,SSP126,106,128,0.6650958101397215,0.39666810225035654,0.8405942334010775,6.152117926343133,106,128,118,138
2093,SSP126,110,132,1.6713196023766947,0.37234117003500294,0.7576381286967995,4.949401969943134,110,132,122,142
2094,SSP126,110,132,1.0023110907245207,0.4022204908581209,0.8245744507615645,4.916544213543133,110,132,122,142
2095,SSP126,113,135,1.7941426421710525,0.5743032459690232,0.8783144775971913,3.895308868343134,113,135,125,145
2096,SSP126,112,134,1.4859406001632196,0.3321190073885006,0.7387814163824951,4.380443977543134,112,134,124,144
2097,SSP126,109,131,1.384067045981474,0.3250322453984052,0.7408929241586322,5.309209661543134,109,131,121,141
2098,SSP126,113,135,2.3036612230406175,0.4612677201037978,0.7806008253618923,3.902836651543134,113,135,125,145
2099,SSP126,111,133,1.142811680858872,0.3723411700350023,0.7954765545801415,4.482170777543134,111,133,123,143
2100,SSP126,111,133,0.6354160940762631,0.23439830556829194,0.7234812952747844,4.646561286343133,111,133,123,143
2000,SSP245,117,139,0.23528899083497576,0.14824626386164125,0.6788724500226887,2.786588475143134,117,139,129,149
2001,SSP245,119,141,1.3230128431510724,0.21796467911557424,0.6468731947195898,1.9241486647431336,119,141,131,151
2002,SSP245,119,141,2.014710854107594,0.2982653538277,0.6620121852619719,2.0285203615431335,119,141,131,151
2003,SSP245,117,139,0.9641243173171528,0.23190836216636668,0.693166689693007,2.8093752783431336,117,139,129,149
2004,SSP245,114,136,0.02807693608409616,0.21298479231172116,0.7537592975515267,3.5353994499431334,114,136,126,146
2005,SSP245,117,139,1.1437826919258485,0.149242241222409,0.593246148709897,2.8214807675431337,117,139,129,149
2006,SSP245,114,136,0.19843213056627315,0.18944350923896136,0.7200846640886784,3.648519651543133,114,136,126,146
2007,SSP245,115,137,0.5281445687006243,0.3605139388758544,0.8264085106583455,3.3961354607431335,115,137,127,147
2008,SSP245,116,138,0.3577742932223636,0.16701660643000663,0.6857770523993493,2.9661362771431334,116,138,128,148
2009,SSP245,117,139,1.274081454012805,0.3679837690816327,0.7832729299073257,2.692389458343133,117,139,129,149
2010,SSP245,115,137,0.7653891579180158,0.25005728296262636,0.7264891355965983,3.2613474507431333,115,137,127,147
2011,SSP245,115,137,1.2921570657441028,0.2722907169757826,0.7019971450120903,3.409258217943133,115,137,127,147
2012,SSP245,114,136,1.0315897035623567,0.4581058872124634,0.8558387256522763,3.6056926687431337,114,136,126,146
2013,SSP245,116,138,0.4410867301393233,0.3261942189859715,0.8093124313976118,2.884653110343134,116,138,128,148
2014,SSP245,117,139,0.7968058458388919,0.2783458066122871,0.7480453582902287,2.6609558771431336,117,139,129,149
2015,SSP245,112,134,0.32504581499322316,0.18360346016899326,0.7040948769830004,4.330597845543133,112,134,124,144
2016,SSP245,112,134,0.35756924294582854,0.2002584149241012,0.7163896338138563,4.2373143699431335,112,134,124,144
2017,SSP245,112,134,0.40571959029757093,0.2815965660536934,0.7797440600884494,4.253794111543133,112,134,124,144
2018,SSP245,113,135,0.006714308084096025,0.20468498097196733,0.7485924822126735,4.025417445543133,113,135,125,145
2019,SSP245,116,138,0.6390559287480191,0.14540061425944129,0.6385721088477232,2.880584038343134,116,138,128,148
2020,SSP245,114,136,0.7993872253014872,0.47051608131095257,0.8734353576188105,3.821963845543133,114,136,126,146
2021,SSP245,117,139,2.2363285239258484,0.2742373999991081,0.6165810469486417,2.5748950043431336,117,139,129,149
2022,SSP245,111,133,0.9197646145980022,0.28632494342300424,0.7450624622854043,4.539951599943133,111,133,123,143
2023,SSP245,112,134,0.7103692417758316,0.33748196240803513,0.7996060372757471,4.2357884679431335,112,134,124,144
2024,SSP245,114,136,1.3200515251275742,0.3150724717906986,0.7375567812474492,3.6635752179431336,114,136,126,146
2025,SSP245,115,137,1.0687119380919285,0.2708759764065046,0.7197014041584009,3.390235306343133,115,137,127,147
2026,SSP245,116,138,1.4773732188349753,0.44316622680090667,0.822182866854429,3.088106710343133,116,138,128,148
2027,SSP245,111,133,0.8958809311197417,0.23456430179508356,0.7015834946378706,4.786842543543133,111,133,123,143
2028,SSP245,111,133,0.11397075246365121,0.29266298117336326,0.8074333248979191,4.592035721543133,111,133,123,143
2029,SSP245,115,137,1.5589908850484506,0.20136505643606756,0.6070238822586225,3.2679596927431334,115,137,127,147
2030,SSP245,113,135,1.3221745192145309,0.22447683878214855,0.6534612789891022,4.141080817143134,113,135,125,145
2031,SSP245,113,135,1.0280071510406177,0.36785927191153517,0.7999564527923476,4.020127651943134,113,135,125,145
2032,SSP245,111,133,1.4310232091593034,0.21796467911557504,0.6366079341990086,4.696305691543134,111,133,123,143
2033,SSP245,111,133,1.3800562700762633,0.2353942829290599,0.6588872799001315,4.4797293343431335,111,133,123,143
2034,SSP245,114,136,1.7933314383923602,0.30635766988395596,0.6898366310151512,3.7984649547431335,114,136,126,146
2035,SSP245,111,133,0.9469654763371328,0.29311569815553246,0.7485790348735513,4.667313553543133,111,133,123,143
2036,SSP245,109,131,0.2809213245427749,0.2513299207013885,0.7654425748030113,5.123049617543133,109,131,121,141
2037,SSP245,114,136,1.8479985361314903,0.2433621018152219,0.6224378873589648,3.7186094167431336,114,136,126,146
2038,SSP245,113,135,1.8116573433884438,0.2403741697329113,0.6228824955519278,4.099678009543133,113,135,125,145
2039,SSP245,113,135,0.6641790393884439,0.3730525824355534,0.8262459418114494,4.1213458179431335,113,135,125,145
2040,SSP245,109,131,1.1841226214123404,0.3009627925131186,0.7364296182777842,5.365668035543133,109,131,121,141
2041,SSP245,109,131,0.061574416937995556,0.18684038659149746,0.7290915799177037,5.159874719143133,109,131,121,141
2042,SSP245,112,134,1.3062671445584404,0.46197913250435024,0.8435152804775843,4.402722146743133,112,134,124,144
2043,SSP245,111,133,0.786281361380611,0.215119029513374,0.6931105025970518,4.753374426343133,111,133,123,143
2044,SSP245,111,133,0.9169932658549554,0.45699924570049977,0.8610047235046197,4.517571703943133,111,133,123,143
2045,SSP245,111,133,1.5111511549458283,0.22543450932135337,0.6365392081628646,4.755002055143134,111,133,123,143
2046,SSP245,107,129,1.0726805128432064,0.2101288530692107,0.6624818949023421,6.013260844343134,107,129,119,139
2047,SSP245,112,134,1.3982193259497449,0.2666569056421369,0.6874492615105244,4.282074161943133,112,134,124,144
2048,SSP245,112,134,1.3026996730327849,0.25448384901049387,0.6844312980795126,4.419303615143133,112,134,124,144
2049,SSP245,109,131,1.125061767372778,0.2951529245752901,0.7362127514740265,5.148277863943133,109,131,121,141
2050,SSP245,112,134,1.0976829755149624,0.24991895277363094,0.6982343801395925,4.331513386743134,112,134,124,144
2051,SSP245,112,134,1.9958421614280055,0.5159279062127498,0.8370771213214288,4.243824885143133,112,134,124,144
2052,SSP245,109,131,1.072532744716688,0.33746345106473624,0.7745239083496078,5.160688533543134,109,131,121,141
2053,SSP245,107,129,0.9904144919736411,0.3325020756041819,0.7766375886017185,5.947952238743133,107,129,119,139
2054,SSP245,109,131,0.6067858358945175,0.35384444762069367,0.8173601562678424,5.163129976743134,109,131,121,141
2055,SSP245,111,133,1.6521975745980022,0.3562523049764046,0.745920721552492,4.539646419543134,111,133,123,143
2056,SSP245,110,132,1.2267001092858216,0.44504751737125237,0.8379567201400866,5.086529696343134,110,132,122,142
2057,SSP245,110,132,1.959914111072347,0.38479088704463543,0.7455811571541717,5.056520290343133,110,132,122,142
2058,SSP245,109,131,2.0562600487640825,0.14437301856975587,0.4946963969530344,5.363430045943133,109,131,121,141
2059,SSP245,109,131,1.1914053325901697,0.3064534369378782,0.7405083492800622,5.1550935595431335,109,131,121,141
2060,SSP245,108,130,0.9437086220605977,0.3080759661012653,0.7609946870764139,5.694957687143133,108,130,120,140
2061,SSP245,110,132,1.2984687658549556,0.3598914530253724,0.7754242556354685,5.1055526079431335,110,132,122,142
2062,SSP245,108,130,1.1246787869775579,0.19439881491949587,0.641929592272325,5.5679009139431335,108,130,120,140
2063,SSP245,107,129,1.5848528363214673,0.28790517480948974,0.6909249576083067,5.759249024743133,107,129,119,139
2064,SSP245,110,132,1.7924780334597348,0.32440975954791923,0.7066237081774732,5.080222634743134,110,132,122,142
2065,SSP245,110,132,1.6926822303766946,0.25946373581434556,0.6535948230871402,4.878803570743134,110,132,122,142
2066,SSP245,108,130,1.0470568156732096,0.31706442651223976,0.7604081062249471,5.696585315943133,108,130,120,140
2067,SSP245,109,131,1.4731001105032129,0.16650584880909913,0.5786247038035146,5.2710621115431335,109,131,121,141
2068,SSP245,108,130,1.4000196636258149,0.1198671149456053,0.5355344147754102,5.574309702343133,108,130,120,140
2069,SSP245,104,126,1.4380134259184136,0.33471188963415877,0.7447590216488577,6.769701329143133,104,126,116,136
2070,SSP245,113,135,2.803759017649313,0.22017796213951377,0.5007275753106452,4.090217417143133,113,135,125,145
2071,SSP245,106,128,1.5941560164479858,0.2438066846884797,0.6472106994957266,6.064632878343133,106,128,118,138
2072,SSP245,111,133,1.4599490035940859,0.2632816490306333,0.6787141675119558,4.661616852743133,111,133,123,143
2073,SSP245,105,127,1.1547113214440694,0.4452811760157915,0.8420937669442419,6.439801316743133,105,127,117,137
2074,SSP245,109,131,2.4078809444162563,0.313035245370941,0.6398348262072399,5.3599713347431335,109,131,121,141
2075,SSP245,108,130,1.743929624716688,0.37073702461874525,0.7507670143864625,5.488045375943134,108,130,120,140
2076,SSP245,107,129,1.5244952729697248,0.18647826178969742,0.5947547127775114,6.014379839143134,107,129,119,139
2077,SSP245,110,132,2.9175171314201727,0.3743331247565447,0.6532488435545735,5.085410701543133,110,132,122,142
2078,SSP245,107,129,1.527797370234511,0.24002585448834018,0.6496765726674294,5.753043689943134,107,129,119,139
2079,SSP245,110,132,1.7214753376810426,0.3157515472639541,0.7048173397836217,5.046856244343134,110,132,122,142
2080,SSP245,107,129,1.3301086268827682,0.28746065025544143,0.7125507160022819,5.773389049943133,107,129,119,139
2081,SSP245,106,128,2.3659970541871163,0.3692315028938682,0.6982395213381579,6.208372846743133,106,128,118,138
2082,SSP245,108,130,1.9834298951514704,0.3297857737111723,0.6950273085632446,5.699637119943134,108,130,120,140
2083,SSP245,109,131,2.032907113807561,0.24195867917050262,0.6028369888676995,5.3995430599431335,109,131,121,141
2084,SSP245,110,132,1.8792554167640825,0.34594776997458637,0.7186594869644308,5.075441475143133,110,132,122,142
2085,SSP245,103,125,1.2485512846536277,0.18477594905461925,0.6201654255232948,7.227573655943133,103,125,115,135
2086,SSP245,104,126,1.5070107337445007,0.29111798870756267,0.700723691551764,6.980072351543133,104,126,116,136
2087,SSP245,101,123,1.3629577530805776,0.3222478037555382,0.740218488091137,7.911686385943134,101,123,113,133
2088,SSP245,108,130,1.2944007077997282,0.2202370464820035,0.6518401650832779,5.738598484343134,108,130,120,140
2089,SSP245,112,134,2.1623645101236577,0.30200026893058485,0.6519559801318284,4.208322231943133,112,134,124,144
2090,SSP245,108,130,2.1863085175862533,0.2771700000058215,0.6244847184734507,5.444506305543133,108,130,120,140
2091,SSP245,104,126,1.5724254890488487,0.22243939480902328,0.6275875352034488,6.846403336343133,104,126,116,136
2092,SSP245,106,128,1.8511860690962432,0.3002854326023083,0.6789068862927727,6.154966276743133,106,128,118,138
2093,SSP245,106,128,1.6862408849697248,0.3069278014289762,0.6997551918542223,6.307963383943133,106,128,118,138
2094,SSP245,107,129,1.663138243277989,0.3550359527073012,0.7440459006442036,6.003393344743134,107,129,119,139
2095,SSP245,106,128,1.8854042677523333,0.32342993413038296,0.697689711801155,6.135841638343133,106,128,118,138
2096,SSP245,102,124,0.869096253602317,0.3669267754883265,0.809631543443756,7.3638875679431335,102,124,114,134
2097,SSP245,104,126,1.5895421288749354,0.2859383682353974,0.6886606202617664,6.964508151143133,104,126,116,136
2098,SSP245,104,126,2.022765609744501,0.4247936681704523,0.7729422835785009,6.962473615143133,104,126,116,136
2099,SSP245,108,130,2.691315736021036,0.2709822318148383,0.5677469325340242,5.720999747943133,108,130,120,140
2100,SSP245,105,127,1.3582533795310259,0.13994882105159057,0.561658866083368,6.495140695943133,105,127,117,137
2000,SSP585,117,139,0.2484250167480191,0.15447112236645363,0.683633567739566,2.7544428063431337,117,139,129,149
2001,SSP585,119,141,1.3134593697597683,0.22152174111832748,0.6513332325315345,1.9270987419431338,119,141,131,151
2002,SSP585,119,141,2.006882313411942,0.2408721584132956,0.6042687451468239,2.0492726287431333,119,141,131,151
2003,SSP585,117,139,0.9667780599258485,0.22493652064096986,0.6863757395532802,2.8019492219431337,117,139,129,149
2004,SSP585,114,136,0.022769450866704774,0.20900088286863988,0.7509058846648086,3.5269561255431334,114,136,126,146
2005,SSP585,117,139,1.1261353035780222,0.1592020148301121,0.6055075361353548,2.8030682167431333,117,139,129,149
2006,SSP585,115,137,0.3637452140919286,0.1600169053980176,0.678572596378175,3.3808764407431338,115,137,127,147
2007,SSP585,116,138,0.6921307809219321,0.36362636812826266,0.8185078943388706,3.089022251543133,116,138,128,148
2008,SSP585,117,139,0.5538707910088887,0.17065575447897519,0.671588117402611,2.7830280371431333,117,139,129,149
2009,SSP585,116,138,1.0184084346610622,0.4128916768663743,0.8303197228052556,2.926055917943134,116,138,128,148
2010,SSP585,115,137,0.7356672407006244,0.24065083011090635,0.7206786704776802,3.4742616431431332,115,137,127,147
2011,SSP585,114,136,1.0342283651749689,0.27862875472614124,0.7293461395973981,3.5384512539431334,114,136,126,146
2012,SSP585,114,136,0.9827608395623567,0.4542326419205755,0.8562286584080202,3.8089428151431335,114,136,126,146
2013,SSP585,117,139,0.6288239387084571,0.36337737378807033,0.8222034033903821,2.8161909739431334,117,139,129,149
2014,SSP585,117,139,0.7288700350562832,0.250956429191097,0.730257745327506,2.646307217943133,117,139,129,149
2015,SSP585,115,137,0.8081144139180155,0.09906988167359312,0.5733844139380863,3.2338812147431337,115,137,127,147
2016,SSP585,115,137,0.5826940603054037,0.2304143961252059,0.7243381354318836,3.2064149787431333,115,137,127,147
2017,SSP585,115,137,1.3437723594832331,0.4171601512696747,0.8133837097892412,3.4444556907431343,115,137,127,147
2018,SSP585,116,138,0.8748409595306275,0.2601021828404834,0.7262699446752299,3.047822897543134,116,138,128,148
2019,SSP585,113,135,0.744587440431922,0.3429145661940556,0.8011604264265353,4.063158088343133,113,135,125,145
2020,SSP585,116,138,1.146599283657146,0.1771296073239854,0.6221758351675115,3.1390718371431334,116,138,128,148
2021,SSP585,112,134,0.2772784480367014,0.10591722602889078,0.6330241201096688,4.215137927543133,112,134,124,144
2022,SSP585,115,137,1.5186539973962767,0.22934727752438142,0.6397935985086972,3.434893371543134,115,137,127,147
2023,SSP585,118,140,1.7486882385819387,0.19875654430071552,0.5853887600069699,2.5453942323431336,118,140,130,150
2024,SSP585,115,137,0.6235616964793168,0.0884876222154086,0.5806545584602456,3.2134341279431338,115,137,127,147
2025,SSP585,115,137,1.3519989615701895,0.1940612224570855,0.6197038367563612,3.3140419331431334,115,137,127,147
2026,SSP585,116,138,1.2033742944871493,0.31934094619400283,0.7503165647181119,3.0099805279431338,116,138,128,148
2027,SSP585,117,139,2.1315056908823697,0.23335705650930072,0.5838838763501939,2.8512867199431335,117,139,129,149
2028,SSP585,115,137,1.0654098408271429,0.2310368819756865,0.6833617882486407,3.363582884743134,115,137,127,147
2029,SSP585,114,136,1.4817820561314905,0.3054684043832685,0.7159056317424478,3.8303054431431334,114,136,126,146
2030,SSP585,115,137,1.3103352026136679,0.20717492437389792,0.6371801754361478,3.382605796343133,115,137,127,147
2031,SSP585,112,134,1.0286856676888751,0.2511639244745936,0.7053485509160167,4.301198800343133,112,134,124,144
2032,SSP585,116,138,1.4001643899180156,0.26278366035024764,0.6836064009782505,3.1372407547431336,116,138,128,148
2033,SSP585,111,133,0.4249743052066982,0.18717992432812341,0.6987350269316046,4.767819631943134,111,133,123,143
2034,SSP585,110,132,0.5170742547245208,0.2607917056287073,0.7552312544686193,4.995484210343133,110,132,122,142
2035,SSP585,113,135,1.7097536272145306,0.3317906632036309,0.7202450403169555,4.145048162343134,113,135,125,145
2036,SSP585,110,132,0.6315983292858219,0.38578686440540394,0.8359892829997806,4.805763728343133,110,132,122,142
2037,SSP585,111,133,1.8230985985980022,0.2063449432399193,0.5860166671668727,4.661922033143133,111,133,123,143
2038,SSP585,109,131,0.9889247715466913,0.29017303777143577,0.7428376666571592,5.109418226343133,109,131,121,141
2039,SSP585,109,131,1.0401420038945175,0.23235101877114994,0.6868611703891747,5.304937135943133,109,131,121,141
2040,SSP585,113,135,1.9896058662975709,0.3723411700350022,0.7326666783901284,3.9127041511431337,113,135,125,145
2041,SSP585,110,132,1.1740082375071295,0.2511639244745919,0.692710676672954,5.003011993543134,110,132,122,142
2042,SSP585,112,134,1.1711916457758318,0.14895767626218936,0.5902066600768101,4.207203237143133,112,134,124,144
2043,SSP585,108,130,0.7976050104558184,0.27495671698188856,0.7451651305827413,5.590585990343134,108,130,120,140
2044,SSP585,107,129,1.076808894882768,0.2691334058532702,0.7174759166391924,5.968704505943133,107,129,119,139
2045,SSP585,110,132,2.6379453475940857,0.3569035209430592,0.6620241065742466,5.021322817543133,110,132,122,142
2046,SSP585,112,134,1.7887175508193098,0.24576904710375358,0.6306469676260043,4.407706759943133,112,134,124,144
2047,SSP585,110,132,1.386573020463651,0.5084580760069733,0.8647929670059488,4.943196635143134,110,132,122,142
2048,SSP585,109,131,1.3420203066297316,0.28699191351052245,0.7111180666643322,5.1729974763431334,109,131,121,141
2049,SSP585,113,135,2.431438929649313,0.32627721709937035,0.6509239820225671,3.989406158343133,113,135,125,145
2050,SSP585,108,130,1.816509485064514,0.2665442533627093,0.6490361635368563,5.601775938343133,108,130,120,140
2051,SSP585,108,130,0.7361708690645141,0.2595831932077013,0.7370757428915562,5.678071038343133,108,130,120,140
2052,SSP585,107,129,1.1107768002740726,0.3391639483727951,0.7730646546855895,6.026587055143134,107,129,119,139
2053,SSP585,109,131,1.908844646851039,0.40720037766197203,0.7675944266889995,5.368923293143133,109,131,121,141
2054,SSP585,107,129,1.926124135799728,0.20537973795737913,0.5746111903883541,6.004207159143133,107,129,119,139
2055,SSP585,108,130,2.0150094321949488,0.35172854173533635,0.7124076261907429,5.724560185943133,108,130,120,140
2056,SSP585,104,126,1.543912837001454,0.40591574667741187,0.7924890346326032,6.8315512235431335,104,126,116,136
2057,SSP585,106,128,1.297334905665377,0.3307716244566901,0.7524445411496666,6.1382830815431335,106,128,118,138
2058,SSP585,107,129,1.4451332879736414,0.3475760263782877,0.7548120018290184,5.837578660743134,107,129,119,139
2059,SSP585,107,129,2.009186279451902,0.23558581703690123,0.598471235451966,5.9078718795431335,107,129,119,139
2060,SSP585,107,129,1.857539970361029,0.4114905113512856,0.7746646922877258,5.974909840743133,107,129,119,139
2061,SSP585,104,126,1.4522109488749353,0.21003171557047157,0.6264575930244508,6.756985479143133,104,126,116,136
2062,SSP585,104,126,1.5975033567010222,0.2989419388484143,0.7000888156621203,6.940297172743134,104,126,116,136
2063,SSP585,107,129,2.2762854730171194,0.3874263909216232,0.7223155436988278,5.956192109543133,107,129,119,139
2064,SSP585,103,125,1.257191029127972,0.3219413533395364,0.7482840893064796,7.303156668343133,103,125,115,135
2065,SSP585,106,128,2.1556879524479857,0.2847751726362032,0.6352273720540209,6.326884568743134,106,128,118,138
2066,SSP585,105,127,2.226690648226678,0.3076198667672285,0.6515256691070698,6.661260560343133,105,127,117,137
2067,SSP585,103,125,2.232293669697106,0.28196350818230126,0.6249667034969913,7.109672294743134,103,125,115,135
2068,SSP585,105,127,1.9229848876575444,0.2643081910846186,0.6366749906003203,6.557804404743133,105,127,117,137
2069,SSP585,104,126,2.366159903309718,0.3338497748759993,0.6644901384994961,6.899301272343133,104,126,116,136
2070,SSP585,101,123,1.2668922706457952,0.3614964741974059,0.7789063714515332,7.712912218743133,101,123,113,133
2071,SSP585,105,127,2.6615063746614607,0.2547404047375466,0.5532002467246674,6.5515990699431335,105,127,117,137
2072,SSP585,102,124,1.7136498388197081,0.3288094326809622,0.7172710347761175,7.502744649943134,102,124,114,134
2073,SSP585,103,125,2.795019789871019,0.42698506891236093,0.7141000874977622,7.111706830743133,103,125,115,135
2074,SSP585,105,127,2.68313437692233,0.36471122983540866,0.6655127282318565,6.615890407543134,105,127,117,137
2075,SSP585,102,124,2.4440774108671026,0.3786746544382447,0.7001789608440158,7.338659321543133,102,124,114,134
2076,SSP585,99,121,1.8852595414601332,0.23608473704618843,0.6112389639554175,8.429272344343133,99,121,111,131
2077,SSP585,99,121,1.7154049335075274,0.301328230411689,0.6919960122117828,8.3419907499431325,99,121,111,131
2078,SSP585,98,120,1.4196604007644809,0.37566216143884235,0.7787513265882305,8.789080035943133,98,120,110,130
2079,SSP585,103,125,2.643358399784063,0.5653263401699707,0.8300594260237882,7.056876085543133,103,125,115,135
2080,SSP585,100,122,2.5673889980292666,0.3002864140885273,0.6112760754603781,8.243315753943133,100,122,112,132
2081,SSP585,101,123,3.273917805602317,0.288600257891013,0.5272837303140401,7.969467208343133,101,123,113,133
2082,SSP585,99,121,2.4662814046379617,0.3652131151876335,0.6856394774653406,8.331411162743134,99,121,111,131
2083,SSP585,98,120,2.1766404798949153,0.29786282558399824,0.6464711593629288,8.612990945143133,98,120,110,130
2084,SSP585,98,120,1.8990590030253505,0.23629878238251278,0.6101063112686419,8.730281945543133,98,120,110,130
2085,SSP585,98,120,1.8075048830253506,0.43768404257722643,0.7974832613317269,8.650528134343134,98,120,110,130
2086,SSP585,101,123,3.1251755323849255,0.28720732785631736,0.5410602904082022,7.835696466343133,101,123,113,133
2087,SSP585,100,122,2.5403057424244873,0.3387809360194356,0.6531802555705678,7.985946949943133,100,122,112,132
2088,SSP585,99,121,2.3988914233731764,0.40903163303344586,0.731105825801687,8.360911934743132,99,121,111,131
2089,SSP585,99,121,2.400070526551006,0.3249458971214472,0.6525393574060195,8.483289275143132,99,121,111,131
2090,SSP585,100,122,2.572681402250574,0.44954689954092725,0.7514664456018633,8.272206165143132,100,122,112,132
2091,SSP585,99,121,2.7550086004640493,0.22841524769386706,0.5148117187401461,8.585016075143134,99,121,111,131
2092,SSP585,94,116,2.5445818925905677,0.25764349125522,0.5682474307512982,10.023738207543133,94,116,106,126
2093,SSP585,98,120,3.0465373070253503,0.3418670780914769,0.6076238002267386,8.761613799943133,98,120,110,130
2094,SSP585,98,120,3.0409644475470894,0.44662007517068203,0.7109491381219474,8.684810065943132,98,120,110,130
2095,SSP585,100,122,2.5550340139027483,0.3230258625686415,0.635924885105072,8.252471165943133,100,122,112,132
2096,SSP585,95,117,2.096497453112307,0.39404360313668774,0.7425723651844224,9.620900079543134,95,117,107,127
2097,SSP585,98,120,2.945562400764481,0.46859210039037347,0.7380771095467746,8.788978309143133,98,120,110,130
2098,SSP585,100,122,3.0845883514679655,0.5464138072233128,0.7892697246755789,8.143318309543133,100,122,112,132
2099,SSP585,98,120,2.776253622329698,0.40997867166114754,0.7002316070359028,8.686234241143133,98,120,110,130
2100,SSP585,96,118,3.190104782155785,0.374566081071665,0.6275421485841968,9.415310216743134,96,118,108,128
