year,scenario,breedingSeasonStart,breedingSeasonEnd,tempIndex,precipIndex,survivorship,survivorshipT,survivorshipP
2000,SSP126,116,138,0.05553227450057209,0.16461333879637918,0.7098868971061189,0.7919679662415808,0.6280125498447239
2001,SSP126,119,141,1.3363912097837447,0.2081405575063384,0.6356697083615002,0.691538675105023,0.6715027716263728
2002,SSP126,119,141,2.022250987001136,0.2969788973324033,0.6600469442343343,0.6280332442528552,0.7512721991059075
2003,SSP126,117,139,0.9673069238812889,0.28324284880508577,0.7387053839507075,0.7231021463528127,0.739821862538902
2004,SSP126,114,136,0.04377443085898605,0.20257478199916093,0.7439355435157222,0.7927676505145398,0.6660847612604136
2005,SSP126,117,139,1.1647453739682456,0.14163667580522532,0.5830510462388971,0.7064658519066029,0.6041349315626412
2006,SSP126,114,136,0.2324962184189095,0.17823586626149282,0.707142310218857,0.7796575894603333,0.6418877949501017
2007,SSP126,115,137,0.5024225298049201,0.3575423840210562,0.8260602557805533,0.7598914942759275,0.7976333943004976
2008,SSP126,117,139,0.5871176071039741,0.1534708099210715,0.651606787410308,0.7534451677850421,0.616503095944164
2009,SSP126,117,139,1.2854906626638973,0.34068450628297686,0.7613605785511602,0.6960090774809508,0.7854110022110155
2010,SSP126,115,137,0.7435150458049201,0.2595169468033364,0.7364304371148034,0.7412388040546186,0.7192560396771384
2011,SSP126,115,137,1.2814286725875288,0.27313947426845037,0.7037024505184954,0.6963642514675248,0.7311846749482791
2012,SSP126,114,136,1.0015101383372471,0.46097899187073976,0.8589032753397325,0.7202621297427255,0.8613015520707821
2013,SSP126,116,138,0.42178944258223494,0.31379515068099934,0.8020308451858645,0.7659206457975188,0.7648239946495061
2014,SSP126,117,139,0.771858780750854,0.3058984093631312,0.7719955198109282,0.7389850395729448,0.7585245982648222
2015,SSP126,112,134,0.9214591106034103,0.15462348532196654,0.6208031659322224,0.7268810180777161,0.6177000505547152
2016,SSP126,115,137,0.4859286375493443,0.24619714217078165,0.7456313592892393,0.7611333795340516,0.7072856873275424
2017,SSP126,119,141,1.547363747175049,0.27450172701496556,0.6815796493645275,0.6726305120740125,0.7323597552045902
2018,SSP126,116,138,0.3696434003213652,0.24411592269694682,0.7529434079838292,0.7697633666213418,0.7053885073500022
2019,SSP126,115,137,0.9643064308483983,0.3488706362133992,0.7906596850688336,0.723350437614236,0.7914121021391398
2020,SSP126,114,136,1.330441534685073,0.21289763058939154,0.6410636838319507,0.6920630905452138,0.6760977124704384
2021,SSP126,113,135,-0.08838195105405736,0.23054637172752748,0.7762743924301676,0.8015997424861049,0.6928456602135213
2022,SSP126,114,136,0.8403359629406488,0.1858417774295194,0.6600888962141496,0.7334879142643302,0.6495343368586151
2023,SSP126,112,134,0.5032292754729756,0.19791285037776765,0.7018449805116243,0.7598306383033986,0.6615125384251539
2024,SSP126,112,134,1.2390714127826172,0.3244509943870479,0.7517563202099131,0.7000539020121036,0.7731424341503178
2025,SSP126,111,133,1.1589283860000086,0.34817689638878324,0.7765027427994771,0.7069642793961461,0.7909083640413757
2026,SSP126,112,134,0.4773552850381931,0.2836590926998427,0.7761944667324022,0.7617771551113731,0.7401738165552848
2027,SSP126,116,138,1.7941724326691917,0.3377707990196041,0.718505352755026,0.6497808715212703,0.7832449685973331
2028,SSP126,113,135,1.0313240546034104,0.27550071236240303,0.726862398422128,0.7177720929914093,0.7332194062513424
2029,SSP126,110,132,0.9476497862661719,0.24025080081696257,0.7023344272668053,0.7247262744251352,0.7018462568925707
2030,SSP126,109,131,0.48970581105407446,0.2767216944537246,0.7699505461715201,0.760849371910457,0.7342677023844497
2031,SSP126,111,133,0.6370699020000085,0.3812682860227921,0.8329338259499343,0.7495890185199887,0.8139429189845319
2032,SSP126,116,138,1.8761323911962244,0.4093647489195907,0.7716783639523224,0.6420318624483862,0.8319222987564212
2033,SSP126,114,136,1.2153097935493444,0.3551890050775605,0.7778030535453284,0.7021124662783914,0.7959588379087824
2034,SSP126,115,137,1.7013834404136157,0.2578519712242684,0.6511727561704571,0.6584591189464272,0.7177761550333517
2035,SSP126,109,131,0.5876289133149439,0.15462348532196415,0.6527079769477826,0.7534058997382362,0.6177000505547128
2036,SSP126,110,132,0.6782542234019007,0.3149152251614659,0.7854873875674554,0.7463796677770342,0.7657082251002775
2037,SSP126,109,131,0.4171259507062483,0.233043835096133,0.7400223493344882,0.7662661116953936,0.6951764352978588
2038,SSP126,114,136,1.813596064679779,0.3026549504428667,0.6845379872855609,0.6479513929527068,0.7559041377296883
2039,SSP126,113,135,0.7507314618155078,0.27450172701496306,0.7484510167514319,0.7406661913273963,0.732359755204588
2040,SSP126,116,138,1.958796473457094,0.3936664077455078,0.7529949067414169,0.6341403872535314,0.8220535584116483
2041,SSP126,109,131,1.0743253077497268,0.21905804023195197,0.6710494398732368,0.7141570748259728,0.6819979809128599
2042,SSP126,107,129,0.8673846952385752,0.36119493034595623,0.8058295016214301,0.7312963338838591,0.8002120263897932
2043,SSP126,107,129,1.4823895448037925,0.25785197122427245,0.6714454989874458,0.678517462768365,0.7177761550333553
2044,SSP126,116,138,2.040000997283181,0.22804890835892797,0.5874025503235029,0.6263174649643908,0.6905049976430875
2045,SSP126,112,134,0.7329106982555842,0.3505783034739804,0.8072236361962402,0.7420787499370175,0.7926482629047672
2046,SSP126,111,133,1.4000209020000085,0.3480633753265778,0.7586394300843984,0.6858995037468029,0.7908258490245781
2047,SSP126,114,136,1.9668497003319532,0.2809951317733378,0.6493451960118706,0.6333676475915768,0.7379159770448163
2048,SSP126,109,131,0.45118585514632487,0.13781588743985462,0.6487398587071005,0.7637348409281173,0.600112259446411
2049,SSP126,113,135,1.5193880084242035,0.25552100541357203,0.6657869467105326,0.6751720411841533,0.7156963842984712
2050,SSP126,113,135,1.5871911320763774,0.45165512862795365,0.8209966933337864,0.6689947733773433,0.8563336918704538
2051,SSP126,109,131,0.9761368312279876,0.2735935585172889,0.7297184238324221,0.7223706729705248,0.7315767306515789
2052,SSP126,108,130,0.300014525499445,0.3456342718166008,0.8305177866705502,0.7748251296406926,0.7890544684903128
2053,SSP126,113,135,1.3625518202502904,0.2545220200661336,0.6790995479046863,0.6892269766980218,0.7148022314317387
2054,SSP126,115,137,1.5652464445875287,0.21234263872970374,0.6178604088759169,0.67100057735869,0.6755633608334713
2055,SSP126,111,133,1.2226182086087043,0.18459304574521493,0.6224986557470177,0.7014801753343577,0.6482840696034846
2056,SSP126,107,129,0.8815415301134342,0.23973871241018788,0.7075506429305095,0.7301447648225797,0.7013751114114647
2057,SSP126,109,131,0.37877937001059636,0.3184570823023966,0.808036817624551,0.769093330372838,0.7684890962950452
2058,SSP126,112,134,1.0240262624294973,0.3512095304792322,0.7882647013748066,0.7183828412621057,0.793103829368701
2059,SSP126,112,134,1.8606186198208017,0.23391794727514786,0.6113967639663388,0.6435044842609579,0.6959898563576993
2060,SSP126,106,128,0.7745550149013368,0.5455257813356313,0.9064968808377669,0.7387699872663877,0.9000429205861258
2061,SSP126,108,130,0.2567992090593683,0.3234520090396088,0.819014048831701,0.7779267778348802,0.7723714898658215
2062,SSP126,112,134,1.465609032516454,0.44296698333353557,0.822765110969066,0.6800287750011418,0.8515721061727949
2063,SSP126,109,131,2.5402527247932047,0.3144611409126304,0.62859435873931,0.5767991034734959,0.765350031616576
2064,SSP126,108,130,0.3960800079342275,0.27019816811306613,0.771723338304197,0.7678207587961973,0.7286364032827808
2065,SSP126,109,131,0.8864403310540745,0.30174678194519,0.760240831285091,0.7297455545326035,0.755166968020876
2066,SSP126,112,134,1.5473443048642799,0.1746031922707957,0.579817247948378,0.672632281905174,0.6382098012425511
2067,SSP126,107,129,1.2873394630646622,0.23904381603932362,0.6709990798094723,0.6958473438313529,0.700735090873038
2068,SSP126,108,130,0.6914415602820533,0.2794244471348783,0.7570387329515698,0.7453463035769089,0.7365788297996962
2069,SSP126,111,133,1.4967498200869649,0.21123265501032812,0.623378926650541,0.6772211488036484,0.6744932851057318
2070,SSP126,110,132,1.238101914787911,0.3219535310184462,0.7497776055398984,0.7001380524892217,0.7712116125151611
2071,SSP126,111,133,0.8773662952173997,0.26201441017194355,0.727730632333208,0.7304847170892067,0.7214669724914688
2072,SSP126,109,131,0.6896246285376292,0.22392906838001544,0.7095866040304049,0.7454888434766491,0.6866224199409514
2073,SSP126,110,132,1.8564239426139981,0.15861942671172932,0.5309617865476388,0.6439021936308075,0.6218383680759496
2074,SSP126,108,130,1.2864513412332814,0.2435377687927996,0.6754246753801345,0.695925043058261,0.7048602096951476
2075,SSP126,110,132,0.9841387471357372,0.30363879964868046,0.7543459294710391,0.7217067641880451,0.7567010406729323
2076,SSP126,113,135,1.8358061264294971,0.2841073553557518,0.6646337353851003,0.6458541346282394,0.7405524982484045
2077,SSP126,109,131,1.5632773834019007,0.20534120296130995,0.6107631677502785,0.6711802519085897,0.6687833289430308
2078,SSP126,110,132,1.4789290565270414,0.25452202006613134,0.6685261287923224,0.6788294340557,0.7148022314317367
2079,SSP126,110,132,1.543415001918346,0.32500598624673727,0.7280249474594381,0.6729898650218067,0.7735699385966515
2080,SSP126,112,134,0.9682569795652259,0.26451187354054545,0.7224286331151901,0.7230235004418002,0.7236671830638499
2081,SSP126,110,132,1.2934324481792154,0.2509542152538369,0.681903029859733,0.6953139849090881,0.7115950757533713
2082,SSP126,107,129,0.7433222282820535,0.2597119295044966,0.7366121922957689,0.7412540925673955,0.719429036887458
2083,SSP126,112,134,1.8254565302555843,0.30356311894053883,0.6843410186963883,0.6468321332134122,0.7566398031608788
2084,SSP126,111,133,1.2432767128748676,0.2509542152538416,0.686383484953388,0.6996887342371865,0.71159507575337555
2085,SSP126,112,134,1.7588475907773233,0.36395632403587513,0.7439766318046812,0.6530967622969168,0.8021451016562143
2086,SSP126,108,130,0.843010951320238,0.3907202045972768,0.8267786575600625,0.7332716853979178,0.8201516419242032
2087,SSP126,110,132,0.9100993283531285,0.428678465636793,0.8458020574540949,0.7278123226613216,0.8434586836629983
2088,SSP126,110,132,0.9006378540105965,0.40312109049808015,0.8311279228535632,0.7285864797842477,0.8280505361744903
2089,SSP126,112,134,1.4548613749512365,0.3731515300748288,0.7743115697865866,0.6809947677624613,0.8084803404591127
2090,SSP126,113,135,1.9153264056415946,0.17246250938342228,0.5400370906542818,0.6382995192289067,0.6360347717963556
2091,SSP126,109,131,1.2868900907062482,0.44432923608004804,0.8341132492374093,0.6958866595244895,0.8523272173805598
2092,SSP126,106,128,0.6673438135100326,0.394240201117412,0.8390338374252678,0.747232515803659,0.8224221308528332
2093,SSP126,110,132,1.675173322440085,0.3940469735921489,0.7744430787358202,0.6608916647227802,0.8222980792986274
2094,SSP126,110,132,1.0061648107879113,0.3993748954451747,0.8225257116445752,0.7198742610366636,0.8256937466532429
2095,SSP126,113,135,1.7989597922502905,0.5719773638087052,0.8770031325931646,0.6493303648302812,0.9100256964482358
2096,SSP126,112,134,1.4901154635652258,0.3290616959906227,0.7358448461046629,0.6778203778753216,0.7766766957045989
2097,SSP126,109,131,1.3875996227062484,0.3679782130970051,0.775196460120292,0.6870047267316749,0.8049353067439164
2098,SSP126,113,135,2.3084783731198555,0.45860045532921323,0.7782432113403458,0.5999993501780936,0.8600481030418241
2099,SSP126,111,133,1.1469865442608784,0.36940533502192135,0.793086377163869,0.7079859590747464,0.8059181860791709
2100,SSP126,111,133,0.6395909574782692,0.2567419875048928,0.7423587394977321,0.7493933406419357,0.7167869398427457
2000,SSP245,117,139,0.24106957093006104,0.14463363184754913,0.6748773969106922,0.7790481189434812,0.6072804387442976
2001,SSP245,119,141,1.3297568532620054,0.2145626061684634,0.6428106025497203,0.6921234078828482,0.6776980104902683
2002,SSP245,119,141,2.0214548642185273,0.29510579980595136,0.6582714803313503,0.6281101251256321,0.7497308198856428
2003,SSP245,117,139,0.9702260407508541,0.28574031217368584,0.7405865685899834,0.7228604570618761,0.7419289462245445
2004,SSP245,114,136,0.03289408616333387,0.20956767943125454,0.7505887797684184,0.7935056289421978,0.6728847555087225
2005,SSP245,117,139,1.1498844153595498,0.14563261719498805,0.5888020868226314,0.7077382251915283,0.6083269802071644
2006,SSP245,114,136,0.20357042398412695,0.18595529849172177,0.7165531404659957,0.7817049863152897,0.6496478960574436
2007,SSP245,115,137,0.5336040054570937,0.35754238402105337,0.8242003104319366,0.7575316848579392,0.7976333943004956
2008,SSP245,116,138,0.363233729978833,0.16346066339548637,0.6819104803559393,0.7702326407108592,0.626828376948042
2009,SSP245,117,139,1.2801831774465064,0.4172139195066295,0.8173763865028011,0.6964731086995278,0.8366905650075964
2010,SSP245,115,137,0.7708485946744851,0.27762355622571994,0.7494669108336034,0.7390655827716586,0.7350403221496667
2011,SSP245,115,137,1.2976165025005724,0.2690527160289168,0.6985366615733057,0.6949474230867905,0.7276399216744942
2012,SSP245,114,136,1.0364068536415947,0.45542907327384347,0.8541333000060621,0.7173462417936353,0.8583620992601086
2013,SSP245,116,138,0.44686731023440873,0.32311901392379333,0.8068458996416188,0.7640568328468018,0.772114098182805
2014,SSP245,117,139,0.8029075692725932,0.2751260928571152,0.74489012040282,0.7365016562001865,0.7328972430375148
2015,SSP245,112,134,0.329541821733845,0.20013281781652856,0.7186262220818854,0.7726882943376774,0.6636936140701108
2016,SSP245,112,134,0.3617441063478346,0.1968028666583919,0.7129409837987636,0.7703416050331627,0.6604194144827847
2017,SSP245,112,134,0.410215597038193,0.27838667003279555,0.7769898984389161,0.7667773705677606,0.7356929541292018
2018,SSP245,113,135,0.011531458163333829,0.20124280153590765,0.7453570030505855,0.7949489257069172,0.6647815480562703
2019,SSP245,116,138,0.6448365088431044,0.16544582658591742,0.6581082704008118,0.7489858682940191,0.6288668320119075
2020,SSP245,114,136,0.804204375380725,0.46787674784117156,0.8719253386618724,0.7363976039400805,0.8648833555712248
2021,SSP245,117,139,2.24243024735955,0.27100527829891785,0.6126190729922733,0.6065341257919525,0.72933716998337
2022,SSP245,111,133,0.9239394780000085,0.2831293277428684,0.7420555371162827,0.7266774067054415,0.7397258214545638
2023,SSP245,112,134,0.7148652485164537,0.3344408478614635,0.7971555553529843,0.7435039933108845,0.7807501929780186
2024,SSP245,114,136,1.3248686752068124,0.3119636775440259,0.7345155033829078,0.6925538435957986,0.7633731861120956
2025,SSP245,115,137,1.0741713748483983,0.2676337027512991,0.7163596261123076,0.7141700650464776,0.7264022864193083
2026,SSP245,116,138,1.483153798930061,0.495527235136432,0.8530754947603365,0.6784485419386728,0.8784648330229634
2027,SSP245,111,133,0.9000557945217476,0.2312123619591587,0.6981266617496353,0.7286340599407951,0.6934681702234338
2028,SSP245,111,133,0.11782447252704167,0.28948650722658936,0.8050035292147016,0.7876933735624357,0.745068634738825
2029,SSP245,115,137,1.5644503218049202,0.21592485891497554,0.6216478843573512,0.6710732286659642,0.679004255116042
2030,SSP245,113,135,1.3269916692937687,0.22109443344019525,0.6496344096615887,0.6923669413309256,0.6839357214074313
2031,SSP245,113,135,1.032824301119856,0.3649099009584339,0.7975528379353972,0.7176464386222209,0.8028093584061107
2032,SSP245,111,133,1.4348769292226935,0.21456260616846415,0.6327720304382635,0.6827868259375828,0.677698010490269
2033,SSP245,111,133,1.3842311334782693,0.23204484974869433,0.6551814318712655,0.6873040836595793,0.6942453167304071
2034,SSP245,114,136,1.7984697318102139,0.3032225557539106,0.6864239548725688,0.6493764934198668,0.7563641049861589
2035,SSP245,111,133,0.9511403397391389,0.28994059147542733,0.7456165202983841,0.7244383068171786,0.7454474907632291
2036,SSP245,109,131,0.28413275792893367,0.2480286153077615,0.7625874516143915,0.775968554876533,0.7089492675879667
2037,SSP245,114,136,1.8531368295493447,0.24003673252822558,0.6184962705148936,0.644213715584724,0.7016493559807109
2038,SSP245,113,135,1.8164744934676815,0.23703977648590152,0.618964636975289,0.6476799073780051,0.6988849180224702
2039,SSP245,113,135,0.6689961894676818,0.3701188959843803,0.824098736970877,0.7471034744335855,0.806408213955176
2040,SSP245,109,131,1.1873340547984987,0.29781138512193783,0.7334731675240006,0.7045256566376791,0.7519552147774692
2041,SSP245,109,131,0.06510699366277012,0.18334431406091284,0.7257556540918368,0.7913150833451773,0.6470317658707674
2042,SSP245,112,134,1.3107631512990623,0.45931401629167357,0.8417155739101353,0.6937940473400891,0.8604251304101601
2043,SSP245,111,133,0.7904562247826171,0.21170836231863124,0.6895436964384458,0.7374993754061826,0.6749521127117689
2044,SSP245,111,133,0.9208469859183458,0.45431908955446737,0.859396725534375,0.7269312523328442,0.857768003692275
2045,SSP245,111,133,1.5153260183478345,0.22205499627427616,0.6326951854200717,0.6755402114194271,0.6848475421010769
2046,SSP245,107,129,1.0755708028907491,0.20717385992773898,0.6593037148082359,0.7140519559022512,0.6705649575810553
2047,SSP245,112,134,1.4027153326903667,0.26340188982117163,0.6839658460574685,0.6856594791120927,0.7226906389145984
2048,SSP245,112,134,1.3068745364347911,0.2511920689079922,0.6809235995451413,0.6941354552327526,0.7118095524138415
2049,SSP245,109,131,1.1285943440975528,0.2919839705951941,0.7332136977775183,0.7095553947733799,0.7471477493630353
2050,SSP245,112,134,1.102178982255584,0.24661338606555316,0.6947706951143042,0.7118007186075639,0.7076642629367634
2051,SSP245,112,134,2.0003381681686276,0.5134257226114277,0.8353163596990958,0.6301469689722599,0.8866159277508369
2052,SSP245,109,131,1.0757441781028465,0.33461524084205946,0.7720969354620878,0.7140373213173741,0.7808813578543857
2053,SSP245,107,129,0.9933047820211839,0.3294459211242545,0.7740901704730335,0.7209450725080074,0.7769694395880106
2054,SSP245,109,131,0.6103184126192919,0.3508527499980054,0.8151693158878309,0.7516591257337754,0.7928464262382587
2055,SSP245,111,133,1.6563724380000084,0.35326787940940485,0.7430976478893331,0.6626313548099079,0.7945842300685192
2056,SSP245,110,132,1.2302326860105963,0.44233126538516604,0.8361292879101218,0.700820585966623,0.8512186312424548
2057,SSP245,110,132,1.9637678311357372,0.381892651864944,0.7428533399084044,0.6336634466678711,0.8143580983433952
2058,SSP245,109,131,2.059792625488857,0.1407486888297204,0.4903503312707107,0.6244005833247287,0.6032012594446806
2059,SSP245,109,131,1.1949379093149441,0.30331861203732036,0.7375697553182854,0.7038708710226127,0.7564418874419027
2060,SSP245,108,130,0.9465989121081403,0.3053060005710152,0.7585548056058039,0.7248129340634343,0.7580474131225876
2061,SSP245,110,132,1.302322485918346,0.35691801817890184,0.7728609460205338,0.6945348399810287,0.7971901261228169
2062,SSP245,108,130,1.1278902203637162,0.19136900971694285,0.6385569231665982,0.7096153796688945,0.6550435566629894
2063,SSP245,107,129,1.58774312636901,0.2852016656769569,0.6881256607018755,0.6689442399556146,0.7414754384591467
2064,SSP245,110,132,1.7960106101845092,0.3213291651762885,0.7035047709555695,0.6496079243576801,0.7707271051245937
2065,SSP245,110,132,1.696535950440085,0.25618699564519976,0.6499649253453459,0.6589096452954188,0.7162915465254186
2066,SSP245,108,130,1.0502682490593684,0.3139616482389094,0.7576713415530304,0.7161829186100798,0.7649555804137399
2067,SSP245,109,131,1.4766326872279878,0.19558188456707057,0.6090809626102299,0.6790363691625559,0.6592150009557239
2068,SSP245,108,130,1.4029099536733578,0.11671427178008276,0.5317888140883433,0.6856421380857463,0.577665492356726
2069,SSP245,104,126,1.4399402859501091,0.332436404728831,0.7427012321808134,0.6823332910419083,0.7792385531465235
2070,SSP245,113,135,2.8085761677285515,0.2167825736072277,0.49649934031948983,0.5495177238105236,0.6798252715707028
2071,SSP245,106,128,1.5967251631569128,0.24138176275278939,0.6445303358690018,0.6681214144979469,0.702885278461863
2072,SSP245,111,133,1.4638027236574764,0.2600164394770602,0.6752278033430047,0.680191233195796,0.7196990813782941
2073,SSP245,105,127,1.1569593248143804,0.4843628234275417,0.8635051933353357,0.7071328857195218,0.8731284817039173
2074,SSP245,109,131,2.411413521141031,0.30992029842425906,0.6363362978550526,0.5897444566046067,0.7617472407588839
2075,SSP245,108,130,1.7471410581028466,0.3679704038230996,0.74823502352395,0.6541923861075227,0.8049299180249007
2076,SSP245,107,129,1.5270644196786516,0.18375149282920186,0.591606630218135,0.6744756760679479,0.6474403322969077
2077,SSP245,110,132,2.9213708514835632,0.371403305716806,0.6499642104604937,0.5379501331336576,0.8072878935331007
2078,SSP245,107,129,1.5306876602820536,0.2713741964972333,0.6800909994263572,0.6741467258793661,0.729657100886035
2079,SSP245,110,132,1.725329057744433,0.31264480391728455,0.7016354588927942,0.656229423413988,0.7639134633509336
2080,SSP245,107,129,1.3326777735916953,0.285596276602284,0.7106512663725444,0.6918660423248152,0.7418077278208727
2081,SSP245,106,128,2.368566200896043,0.3667645248404474,0.6957254856211298,0.59402314464209,0.8040964585037351
2082,SSP245,108,130,1.9866413285376294,0.3267214156312325,0.6918823672777508,0.6314656510880527,0.774887710939478
2083,SSP245,109,131,2.0364396905323354,0.2386290713568334,0.5989776157671107,0.6266619700722506,0.70035272423944706
2084,SSP245,110,132,1.882787993488857,0.34293222331471956,0.7156751814187076,0.6413992647760914,0.7870711645217049
2085,SSP245,103,125,1.2501570013467072,0.18253325746515844,0.6176842668699052,0.6990907366998116,0.6462173048965174
2086,SSP245,104,126,1.508937593776196,0.29025705578168975,0.6997623129970617,0.6761188056662406,0.7457113070290725
2087,SSP245,101,123,1.3639211830964253,0.3207205570125929,0.7388489183682756,0.68910571031348,0.7702541323514327
2088,SSP245,108,130,1.2972909978472709,0.23516169298222186,0.6663077381026034,0.69497594917701,0.6971451362026376
2089,SSP245,112,134,2.16686051686428,0.29885199485885316,0.6483863308085331,0.6139643474665527,0.7528072151316162
2090,SSP245,108,130,2.1895199509724117,0.27394673515527407,0.6208446227543445,0.6117418047130296,0.7318814124750384
2091,SSP245,104,126,1.5743523490805438,0.2198570843359715,0.6247445993443288,0.6701690241310867,0.68275907175265
2092,SSP245,106,128,1.8534340724665541,0.29850341546554354,0.6769941176795301,0.6441855506871773,0.7525220344488044
2093,SSP245,106,128,1.6888100316786518,0.3234581829407544,0.7145766202416707,0.6596271000239579,0.7723762601037815
2094,SSP245,107,129,1.6660285333255318,0.3525069685502145,0.7416947203070627,0.6617383999674944,0.7940378865188957
2095,SSP245,106,128,1.8879734144612603,0.32119561671309727,0.6953897225051334,0.6409060626473712,0.7706233780970995
2096,SSP245,102,124,0.8700596836181644,0.36539212596121345,0.8085282268535979,0.7310789788331639,0.803144632788641
2097,SSP245,104,126,1.5914689889066307,0.28343496583594074,0.6861253659307646,0.6686030465473648,0.7399843450288404
2098,SSP245,104,126,2.024692469776196,0.42321486053020574,0.7715819113552075,0.6277974320314333,0.8402621584618792
2099,SSP245,108,130,2.6945271694071944,0.2680209898885863,0.5642240376408227,0.5611597263154084,0.7267404182123387
2100,SSP245,105,127,1.3605013829013368,0.13680630343926953,0.558026720865675,0.6894085082832845,0.5990470476290722
2000,SSP585,117,139,0.2542055968431043,0.15087729026905622,0.6796877851759108,0.7781119519660706,0.6138047991093848
2001,SSP585,119,141,1.320203379870701,0.21813041098075642,0.6473047527382929,0.6929643407622879,0.6811131916712135
2002,SSP585,119,141,2.013626323522875,0.23753926915962142,0.600092044782527,0.6288657745510398,0.6993466694589376
2003,SSP585,117,139,0.9728797833595496,0.2215555036005571,0.6826221580061708,0.7226406266829679,0.6843735724907891
2004,SSP585,114,136,0.027586600945942463,0.2055717380414885,0.7477009494738145,0.793864912262967,0.6690077125079908
2005,SSP585,117,139,1.1322370270117237,0.1556224706694027,0.6011390585404167,0.7092449547026949,0.6187362578220216
2006,SSP585,115,137,0.3692046508483984,0.15643982231731193,0.6746390374637112,0.76979551039185945,0.6195832610224513
2007,SSP585,116,138,0.6979113610170175,0.3606642132318089,0.8162078243221921,0.7448383153947864,0.7998388860498883
2008,SSP585,117,139,0.5596513711039741,0.16711080216498417,0.6676128264463579,0.7555483721086469,0.6305729763354136
2009,SSP585,116,138,1.0241890147561479,0.4100783098820476,0.8282309583667119,0.7183692293716217,0.8323603273618242
2010,SSP585,115,137,0.7411266774570937,0.26700933690915385,0.742960234230104,0.741428136451696,0.7258566176471758
2011,SSP585,114,136,1.0393666585928225,0.2754098955126374,0.7261224511727966,0.7170980817035613,0.7331413287814755
2012,SSP585,114,136,0.9875779896415947,0.4515441302560121,0.854520670878563,0.721421115082694,0.8562736684484558
2013,SSP585,117,139,0.6349256621421585,0.3604144668949489,0.8199197749061188,0.7497553688415106,0.7996631119245752
2014,SSP585,117,139,0.7349717584899844,0.24765399580246827,0.7268888963581519,0.7419156374679059,0.7086094434229127
2015,SSP585,115,137,0.8135738506744852,0.09530873031761246,0.5687828451023509,0.7356450388192997,0.5545633590966202
2016,SSP585,115,137,0.5878323537232573,0.22704992301148452,0.7209488851829899,0.7533902744524501,0.6895659817138566
2017,SSP585,115,137,1.3492317962397027,0.414359675656796,0.8111629005559943,0.6904051983493772,0.8349693693633784
2018,SSP585,116,138,0.8806215396257129,0.2568273708679215,0.7229211024313233,0.7302196946857564,0.7168631077418345
2019,SSP585,113,135,0.7494045905111602,0.33988985884750844,0.7987144161255234,0.7407715385083262,0.7848218299971343
2020,SSP585,116,138,1.1520587204136157,0.1736042069233569,0.6179943165353953,0.7075522667000983,0.6371954859379774
2021,SSP585,112,134,0.2817744547773236,0.10217675458127433,0.6287634030008017,0.7761379908670546,0.5620064283978694
2022,SSP585,115,137,1.5241134341527462,0.2259795815677981,0.6358533830535635,0.6747434659291934,0.688558157484485
2023,SSP585,118,140,1.755111105354256,0.2278824108010181,0.6154499151865876,0.6534466399424667,0.6903486038368596
2024,SSP585,115,137,0.6286999898971704,0.08469451100104684,0.5760715508440809,0.7502379396991629,0.5430133137327385
2025,SSP585,115,137,1.357458398326659,0.19058695782986682,0.6155650483166812,0.6896778057180427,0.6542665374522156
2026,SSP585,116,138,1.2091548745822351,0.31624504331877795,0.74730799787421065,0.7026443633882944,0.766755035918141
2027,SSP585,117,139,2.1376074143160713,0.230001470628926,0.579682086618266,0.6168266061567834,0.6923358107930526
2028,SSP585,115,137,1.0705481342449965,0.22767428885363455,0.6796933200618002,0.7144757238762782,0.6901530503100288
2029,SSP585,114,136,1.4869203495493444,0.3023306045508382,0.7126578961915472,0.6781087589722449,0.7556410354532479
2030,SSP585,115,137,1.3157946393701374,0.20374026490451616,0.6331594100760624,0.6933519831025058,0.6672229966894303
2031,SSP585,112,134,1.033181674429497,0.24786211774985467,0.7019351216004298,0.7176165015256406,0.7087982634670635
2032,SSP585,116,138,1.4056238266744852,0.25951694680333903,0.6800022424838453,0.685400273902608,0.7192560396771408
2033,SSP585,111,133,0.4291491686087043,0.18368487724754035,0.6951262629494356,0.7653747251625416,0.6473735044240355
2034,SSP585,110,132,0.520927974787911,0.2575189761084563,0.752265980923364,0.7584929034942136,0.7174796106932048
2035,SSP585,113,135,1.7145707772937688,0.3287323601617954,0.717125116978051,0.6572320395504633,0.7764255545644548
2036,SSP585,110,132,0.6351309060105963,0.3828916372123836,0.8340352093768565,0.749739449190458,0.8150208969390187
2037,SSP585,111,133,1.8272734620000086,0.2029077771149782,0.5819275631793575,0.6466605285611319,0.6664101695947554
2038,SSP585,109,131,0.9924573482714657,0.3130988881661174,0.7613440189950849,0.721015547300683,0.7642731743404019
2039,SSP585,109,131,1.043674580619292,0.22899239452040027,0.6833618755357816,0.7167366552706537,0.6913904050630175
2040,SSP585,113,135,1.994101873038193,0.3694053350219213,0.7297656250542223,0.6307476190746026,0.8059181860791709
2041,SSP585,110,132,1.1778619575705198,0.27041496877542903,0.7100923104751298,0.7053401439118187,0.7288247504615879
2042,SSP585,112,134,1.175687652516454,0.16960826553358663,0.6115220415374725,0.7055269236086078,0.6331260745955327
2043,SSP585,108,130,0.8008164438419771,0.2717267677165163,0.7422063357280168,0.7366693869501054,0.7299626329048678
2044,SSP585,107,129,1.0793780415916951,0.2662702572523118,0.7147018682905544,0.7137304839450659,0.7252098193355778
2045,SSP585,110,132,2.6417990676574763,0.35392106213657526,0.6587271744650933,0.5665202737127416,0.7950523657193018
2046,SSP585,112,134,1.7932135575599322,0.24245094711787926,0.6268092446482263,0.6498710728295422,0.7038656197444018
2047,SSP585,110,132,1.3904267405270416,0.5059333325056176,0.8633024532283746,0.6867533609899359,0.8832634723981736
2048,SSP585,109,131,1.34523174001589,0.2841028959420815,0.7082286180040399,0.6907585415886851,0.740548732807427
2049,SSP585,113,135,2.4362560797285515,0.3232022627027482,0.647392723422853,0.5872574262670681,0.77217846533073
2050,SSP585,108,130,1.8197209184506726,0.2634832355788106,0.6456621046122452,0.6473735988959641,0.7227622776617777
2051,SSP585,108,130,0.7393823024506726,0.25664397276972944,0.7343058944812303,0.7415663607384234,0.7166994886025992
2052,SSP585,107,129,1.1133459469829996,0.3364123631099451,0.7707485970878535,0.7108527797458966,0.7822297247921732
2053,SSP585,109,131,1.9123772235758139,0.4043698221823817,0.7651055705683621,0.6385809500828399,0.8288305014247768
2054,SSP585,107,129,1.929014425847271,0.2021888722664136,0.5708873017795317,0.6369920758724463,0.6657074459717051
2055,SSP585,108,130,2.0182208655811076,0.3489335148105345,0.7096109315391951,0.6284223628230546,0.791457715319698
2056,SSP585,104,126,1.5455185536945333,0.4041618314308703,0.7911089260721333,0.6727984579192657,0.8287007842907196
2057,SSP585,106,128,1.299904052374304,0.3281796478854531,0.7501175986959374,0.6947469080000089,0.7760036217785323
2058,SSP585,107,129,1.448023578021184,0.3448618416582672,0.75237522016796,0.6816085370435988,0.7884888896402193
2059,SSP585,107,129,2.012076569499445,0.23223696231551091,0.5946415823753342,0.6290152898610191,0.6944245015855345
2060,SSP585,107,129,1.8601091170699562,0.409465085274965,0.772920755720363,0.6435528022498922,0.8319839466599626
2061,SSP585,104,126,1.4541378089066306,0.20777253455263137,0.6239444633282946,0.6810597457177354,0.6711459053539011
2062,SSP585,104,126,1.5994302167327175,0.297149692493099,0.6982646450999622,0.6678734086614312,0.7514124307348351
2063,SSP585,107,129,2.2791757630646625,0.3851218503589665,0.7200387889186382,0.602903082013521,0.8164939763624959
2064,SSP585,103,125,1.2584756024824362,0.3203332671158235,0.7468502469087326,0.6983668239638624,0.7699527982290351
2065,SSP585,106,128,2.1582570991569128,0.2824746813906625,0.6326347582808106,0.6148069735897005,0.7391715294191951
2066,SSP585,105,127,2.228938651596989,0.3053593291321572,0.6490551230476216,0.6078643851691712,0.7580903955493351
2067,SSP585,103,125,2.2338993863901853,0.2801432534454405,0.6229339818857776,0.6073754461251838,0.7371913038242857
2068,SSP585,105,127,1.9249117476892394,0.26210762702718116,0.6342502221267545,0.6373841664289217,0.7215492874734226
2069,SSP585,104,126,2.3680867633414135,0.3320544248237224,0.6625507598400425,0.5940709413949407,0.7789496392743228
2070,SSP585,101,123,1.2678557006616427,0.3843805609874189,0.7956744118720428,0.6975493507407848,0.8160053584263163
2071,SSP585,105,127,2.6637543780317716,0.25249181940144755,0.5505265299944173,0.564290026891169,0.7129798809039308
2072,SSP585,102,124,1.714613268835556,0.32741889566559373,0.7159491285224426,0.6572280823100788,0.7754219483915402
2073,SSP585,103,125,2.796625506564099,0.4255029568406175,0.7126325205679782,0.5507404072441314,0.8416072150414726
2074,SSP585,105,127,2.685382380292641,0.36251313222672993,0.6631513669783669,0.5620904816708805,0.8011365780200634
2075,SSP585,102,124,2.445361984221566,0.37718801235922217,0.6986938467471225,0.5863446951946516,0.8112120541384291
2076,SSP585,99,121,1.8852595414601332,0.2352099163396699,0.6103250006789628,0.6411642250975449,0.6971898794750201
2077,SSP585,99,121,1.7157260768461433,0.30032005115337074,0.6910225247472357,0.6571244386379427,0.7540058411168464
2078,SSP585,98,120,1.4196604007644809,0.3746766279985668,0.778004180551701,0.6841477102973748,0.809515989543636
2079,SSP585,103,125,2.644964116477142,0.5647342766744113,0.8295982597768151,0.5661989282326221,0.9073851429334524
2080,SSP585,100,122,2.5677101413678827,0.29900320345675063,0.6099036437879973,0.5740259448381729,0.7529308536442971
2081,SSP585,101,123,3.2748812356181642,0.2868712032143922,0.5252900130432915,0.5014880153545286,0.7428793984731135
2082,SSP585,99,121,2.4666025479765783,0.36435524959389265,0.6847976594235594,0.5842133487969174,0.8024231960251653
2083,SSP585,98,120,2.1766404798949157,0.2965654052285148,0.6451669507105954,0.613005659803896,0.7509324817087009
2084,SSP585,98,120,1.8990590030253505,0.23550167394475682,0.6092726935817929,0.639850677989202,0.6974605023396386
2085,SSP585,98,120,1.8075048830253506,0.43719904526019215,0.797138810036626,0.6485255813442498,0.8483395024606357
2086,SSP585,101,123,3.126138962400773,0.28516844019231513,0.5387355394145089,0.5168541219276147,0.7414474476206512
2087,SSP585,100,122,2.540948029101719,0.3376585799292003,0.6520017967899072,0.5767289376774453,0.7831612301511194
2088,SSP585,99,121,2.3988914233731764,0.4093309638652762,0.7313643562551356,0.5909963361043095,0.8319015367375745
2089,SSP585,99,121,2.4003916698896215,0.323595866233703,0.6511627873335775,0.5908464128823663,0.7724826221844479
2090,SSP585,100,122,2.573323688927806,0.4491582019763546,0.7510976386383701,0.5734584050797753,0.8549784040054254
2091,SSP585,99,121,2.7553297438026654,0.22744397786557843,0.5137123108406808,0.5549606070981687,0.6899365684334549
2092,SSP585,94,116,2.5445818925905677,0.25694726235434434,0.5674965940212745,0.576362180428868,0.7169700383648145
2093,SSP585,98,120,3.0465373070253503,0.3412185667670429,0.6069440981031294,0.5250662967970335,0.7858063092479441
2094,SSP585,98,120,3.0409644475470894,0.4468384861260059,0.7111463485838989,0.5256407699665661,0.8537098060186281
2095,SSP585,100,122,2.55567630057998,0.34658787342265757,0.6594856717075229,0.5752419290259546,0.7897511729184941
2096,SSP585,95,117,2.096497453112307,0.39390927687518457,0.7424595031822419,0.6208353052763969,0.8222096369284548
2097,SSP585,98,120,2.945562400764481,0.46861018188275366,0.7380924709871465,0.5354634205855814,0.8652595802626251
2098,SSP585,100,122,3.0852306381451973,0.5467794152062556,0.7894927142128944,0.5210758828233926,0.9005374828408035
2099,SSP585,98,120,2.776253622329698,0.4098311718314397,0.7000955233331341,0.5528232533698754,0.8322087217627956
2100,SSP585,96,118,3.190104782155785,0.3748156685174494,0.6277984863924652,0.5102482171087088,0.8096101945289528
