date,day,month,year,tas,tasmin,pr,complete,empty
2005-03-01,1,Mar,2005,-7.2,-9.3,2.4,TRUE,FALSE
2005-03-02,2,Mar,2005,-10.6,-14.5,0.3,TRUE,FALSE
2005-03-03,3,Mar,2005,-11.9,-17.7,0.3,TRUE,FALSE
2005-03-04,4,Mar,2005,-11.6,-22.7,0,TRUE,FALSE
2005-03-05,5,Mar,2005,-10.6,-23.4,0.3,TRUE,FALSE
2005-03-06,6,Mar,2005,-3.5,-8.7,1.8,TRUE,FALSE
2005-03-07,7,Mar,2005,-12.8,-17,21.6,TRUE,FALSE
2005-03-08,8,Mar,2005,-20.2,-27.8,0.9,TRUE,FALSE
2005-03-09,9,Mar,2005,-19.2,-27.7,NA,FALSE,FALSE
2005-03-10,10,Mar,2005,-20,-34.5,0.6,TRUE,FALSE
2005-03-11,11,Mar,2005,-10.8,-19.5,0.6,TRUE,FALSE
2005-03-12,12,Mar,2005,-9.8,-19.6,1.3,TRUE,FALSE
2005-03-13,13,Mar,2005,-11.7,-20.8,0.3,TRUE,FALSE
2005-03-14,14,Mar,2005,-12.1,-25.8,0,TRUE,FALSE
2005-03-15,15,Mar,2005,-10.2,-22.9,0,TRUE,FALSE
2005-03-16,16,Mar,2005,-10.7,-21.9,0,TRUE,FALSE
2005-03-17,17,Mar,2005,-11.3,-23.5,0,TRUE,FALSE
2005-03-18,18,Mar,2005,-9.7,-20.5,0,TRUE,FALSE
2005-03-19,19,Mar,2005,-9.1,-21.7,0.3,TRUE,FALSE
2005-03-20,20,Mar,2005,-4.9,-15.1,0,TRUE,FALSE
2005-03-21,21,Mar,2005,-4,-14.1,0.3,TRUE,FALSE
2005-03-22,22,Mar,2005,-4.9,-16,1.3,TRUE,FALSE
2005-03-23,23,Mar,2005,-7.7,-16.9,0,TRUE,FALSE
2005-03-24,24,Mar,2005,-3.5,-14.6,0.3,TRUE,FALSE
2005-03-25,25,Mar,2005,-7,-14.9,0.5,TRUE,FALSE
2005-03-26,26,Mar,2005,-6.7,-19.5,0.5,TRUE,FALSE
2005-03-27,27,Mar,2005,-2.7,-15,0.3,TRUE,FALSE
2005-03-28,28,Mar,2005,0.5,-7,0,TRUE,FALSE
2005-03-29,29,Mar,2005,4.1,-6,0,TRUE,FALSE
2005-03-30,30,Mar,2005,2.8,-6.1,0,TRUE,FALSE
2005-03-31,31,Mar,2005,5.3,-2,NA,FALSE,FALSE
2005-04-01,1,Apr,2005,2.2,-1.7,0,TRUE,FALSE
2005-04-02,2,Apr,2005,0.1,-1.2,0,TRUE,FALSE
2005-04-03,3,Apr,2005,0.5,-0.3,0,TRUE,FALSE
2005-04-04,4,Apr,2005,-0.8,-5.9,0,TRUE,FALSE
2005-04-05,5,Apr,2005,-0.1,-8.8,0,TRUE,FALSE
2005-04-06,6,Apr,2005,5.1,-0.3,0,TRUE,FALSE
2005-04-07,7,Apr,2005,0.6,-3,0,TRUE,FALSE
2005-04-08,8,Apr,2005,1.8,-6.5,0.3,TRUE,FALSE
2005-04-09,9,Apr,2005,2.4,-8.6,NA,FALSE,FALSE
2005-04-10,10,Apr,2005,3,-5.6,0,TRUE,FALSE
2005-04-11,11,Apr,2005,0.4,-6.8,0,TRUE,FALSE
2005-04-12,12,Apr,2005,1.4,-6.9,0.3,TRUE,FALSE
2005-04-13,13,Apr,2005,2.8,-7,0.3,TRUE,FALSE
2005-04-14,14,Apr,2005,3,-5.3,1.7,TRUE,FALSE
2005-04-15,15,Apr,2005,2.4,-8.4,0.3,TRUE,FALSE
2005-04-16,16,Apr,2005,5.3,-7.8,0.3,TRUE,FALSE
2005-04-17,17,Apr,2005,7.5,-3.9,0.3,TRUE,FALSE
2005-04-18,18,Apr,2005,7.9,-4.1,0.3,TRUE,FALSE
2005-04-19,19,Apr,2005,11.1,-2.6,0.3,TRUE,FALSE
2005-04-20,20,Apr,2005,3.7,-2.9,15.7,TRUE,FALSE
2005-04-21,21,Apr,2005,1.7,-5.6,0,TRUE,FALSE
2005-04-22,22,Apr,2005,4.1,-6.1,0.6,TRUE,FALSE
2005-04-23,23,Apr,2005,4.5,1.8,6.1,TRUE,FALSE
2005-04-24,24,Apr,2005,5.5,2,NA,FALSE,FALSE
2005-04-25,25,Apr,2005,2.3,-0.2,0.9,TRUE,FALSE
2005-04-26,26,Apr,2005,6.6,-0.6,0.3,TRUE,FALSE
2005-04-27,27,Apr,2005,6.8,0.2,3.1,TRUE,FALSE
2005-04-28,28,Apr,2005,4.3,-0.3,3.6,TRUE,FALSE
2005-04-29,29,Apr,2005,2.9,-4,0.4,TRUE,FALSE
2005-04-30,30,Apr,2005,-0.2,-4.8,1.9,TRUE,FALSE
2005-05-01,1,May,2005,2.9,-3.2,2,TRUE,FALSE
2005-05-02,2,May,2005,1.7,-3.8,2.8,TRUE,FALSE
2005-05-03,3,May,2005,2.6,-2.5,0,TRUE,FALSE
2005-05-04,4,May,2005,2.7,-4.2,0,TRUE,FALSE
2005-05-05,5,May,2005,5.5,-5.7,0,TRUE,FALSE
2005-05-06,6,May,2005,8.2,-3.2,0,TRUE,FALSE
2005-05-07,7,May,2005,9.5,-0.6,0,TRUE,FALSE
2005-05-08,8,May,2005,10.2,-2.4,0,TRUE,FALSE
2005-05-09,9,May,2005,12.9,0.2,0,TRUE,FALSE
2005-05-10,10,May,2005,15.1,2.6,3,TRUE,FALSE
2005-05-11,11,May,2005,6.8,-2,0,TRUE,FALSE
2005-05-12,12,May,2005,2.1,-5,0,TRUE,FALSE
2005-05-13,13,May,2005,2.7,-7.7,3.1,TRUE,FALSE
2005-05-14,14,May,2005,8.4,3.9,4.9,TRUE,FALSE
2005-05-15,15,May,2005,7.2,0,2.9,TRUE,FALSE
2005-05-16,16,May,2005,4,-1.9,0.6,TRUE,FALSE
2005-05-17,17,May,2005,4,-2.5,0,TRUE,FALSE
2005-05-18,18,May,2005,7,-2.4,0,TRUE,FALSE
2005-05-19,19,May,2005,8.6,-2.5,0,TRUE,FALSE
2005-05-20,20,May,2005,9.4,-1.5,0,TRUE,FALSE
2005-05-21,21,May,2005,9.5,-0.6,0,TRUE,FALSE
2005-05-22,22,May,2005,8.6,2.3,0.3,TRUE,FALSE
2005-05-23,23,May,2005,9.3,6.7,1.5,TRUE,FALSE
2005-05-24,24,May,2005,10.8,3.2,0.8,TRUE,FALSE
2005-05-25,25,May,2005,12.4,0.6,0,TRUE,FALSE
2005-05-26,26,May,2005,12.2,-0.6,0,TRUE,FALSE
2005-05-27,27,May,2005,13.3,4.1,0,TRUE,FALSE
2005-05-28,28,May,2005,11.2,1.2,0.3,TRUE,FALSE
2005-05-29,29,May,2005,9,-0.5,1.7,TRUE,FALSE
2005-05-30,30,May,2005,11.2,2.5,0.4,TRUE,FALSE
2005-05-31,31,May,2005,15.7,7.2,0,TRUE,FALSE
2006-03-01,1,Mar,2006,-14.2,-26,0,TRUE,FALSE
2006-03-02,2,Mar,2006,-13.7,-23,0,TRUE,FALSE
2006-03-03,3,Mar,2006,-12.3,-17.9,0,TRUE,FALSE
2006-03-04,4,Mar,2006,-4.7,-10.1,0,TRUE,FALSE
2006-03-05,5,Mar,2006,-9,-18.2,0,TRUE,FALSE
2006-03-06,6,Mar,2006,-11.7,-24,0,TRUE,FALSE
2006-03-07,7,Mar,2006,-10,-19.7,0,TRUE,FALSE
2006-03-08,8,Mar,2006,-8,-17.4,0.3,TRUE,FALSE
2006-03-09,9,Mar,2006,1.5,-1.7,3.5,TRUE,FALSE
2006-03-10,10,Mar,2006,3.4,0,9.9,TRUE,FALSE
2006-03-11,11,Mar,2006,2.8,-4.2,0,TRUE,FALSE
2006-03-12,12,Mar,2006,4.2,-4,2.3,TRUE,FALSE
2006-03-13,13,Mar,2006,1.3,-2.6,12.9,TRUE,FALSE
2006-03-14,14,Mar,2006,-2.7,-8.3,2.8,TRUE,FALSE
2006-03-15,15,Mar,2006,-6.5,-9,1.9,TRUE,FALSE
2006-03-16,16,Mar,2006,-9.2,-16.1,0,TRUE,FALSE
2006-03-17,17,Mar,2006,-10,-17.2,0,TRUE,FALSE
2006-03-18,18,Mar,2006,-10.2,-13.7,0.5,TRUE,FALSE
2006-03-19,19,Mar,2006,-7.5,-11.4,1.1,TRUE,FALSE
2006-03-20,20,Mar,2006,-10.9,-16.8,0.6,TRUE,FALSE
2006-03-21,21,Mar,2006,-8.8,-15.6,0.3,TRUE,FALSE
2006-03-22,22,Mar,2006,-5.7,-12.2,0.3,TRUE,FALSE
2006-03-23,23,Mar,2006,-2,-9.3,0,TRUE,FALSE
2006-03-24,24,Mar,2006,0.9,-4.9,0,TRUE,FALSE
2006-03-25,25,Mar,2006,1.4,-2.5,0,TRUE,FALSE
2006-03-26,26,Mar,2006,-0.6,-7.6,0.3,TRUE,FALSE
2006-03-27,27,Mar,2006,-0.8,-10.5,0,TRUE,FALSE
2006-03-28,28,Mar,2006,0.2,-10.4,0,TRUE,FALSE
2006-03-29,29,Mar,2006,0.4,-10.1,0,TRUE,FALSE
2006-03-30,30,Mar,2006,2.1,-7.7,0,TRUE,FALSE
2006-03-31,31,Mar,2006,8.6,-2.5,1.9,TRUE,FALSE
2006-04-01,1,Apr,2006,3.5,-3.3,6.8,TRUE,FALSE
2006-04-02,2,Apr,2006,2.3,-5.7,0,TRUE,FALSE
2006-04-03,3,Apr,2006,4.3,1.1,14,TRUE,FALSE
2006-04-04,4,Apr,2006,-0.5,-5.1,1.7,TRUE,FALSE
2006-04-05,5,Apr,2006,-1.7,-7.6,0.3,TRUE,FALSE
2006-04-06,6,Apr,2006,4.3,-1,0.3,TRUE,FALSE
2006-04-07,7,Apr,2006,-2.6,-7.3,2.6,TRUE,FALSE
2006-04-08,8,Apr,2006,-4.3,-11.7,0,TRUE,FALSE
2006-04-09,9,Apr,2006,-1.2,-10.4,0,TRUE,FALSE
2006-04-10,10,Apr,2006,3.3,-7,0,TRUE,FALSE
2006-04-11,11,Apr,2006,7.6,-2.1,0,TRUE,FALSE
2006-04-12,12,Apr,2006,8,-1.7,5.4,TRUE,FALSE
2006-04-13,13,Apr,2006,5.8,-2.1,0,TRUE,FALSE
2006-04-14,14,Apr,2006,6.5,-3.2,1.1,TRUE,FALSE
2006-04-15,15,Apr,2006,6,3.2,0.5,TRUE,FALSE
2006-04-16,16,Apr,2006,5.7,0.1,0,TRUE,FALSE
2006-04-17,17,Apr,2006,6.5,-1.2,0,TRUE,FALSE
2006-04-18,18,Apr,2006,7.9,-2.5,0,TRUE,FALSE
2006-04-19,19,Apr,2006,9.7,-2.7,0,TRUE,FALSE
2006-04-20,20,Apr,2006,9.5,-3.3,0,TRUE,FALSE
2006-04-21,21,Apr,2006,8.5,-2.2,0,TRUE,FALSE
2006-04-22,22,Apr,2006,7.7,3.8,6.6,TRUE,FALSE
2006-04-23,23,Apr,2006,3.9,2.2,11,TRUE,FALSE
2006-04-24,24,Apr,2006,5.6,3.4,4.6,TRUE,FALSE
2006-04-25,25,Apr,2006,1.5,-3.6,3.1,TRUE,FALSE
2006-04-26,26,Apr,2006,3.5,-4.8,0.3,TRUE,FALSE
2006-04-27,27,Apr,2006,1.6,-5.1,0,TRUE,FALSE
2006-04-28,28,Apr,2006,3.1,-7.4,0,TRUE,FALSE
2006-04-29,29,Apr,2006,5.9,-6.3,0,TRUE,FALSE
2006-04-30,30,Apr,2006,8.8,-4,0,TRUE,FALSE
2006-05-01,1,May,2006,10.9,-2,0,TRUE,FALSE
2006-05-02,2,May,2006,9.6,-1.7,0,TRUE,FALSE
2006-05-03,3,May,2006,13.3,1.3,0,TRUE,FALSE
2006-05-04,4,May,2006,12,2.9,0,TRUE,FALSE
2006-05-05,5,May,2006,7.6,0.1,0,TRUE,FALSE
2006-05-06,6,May,2006,2.3,-4.2,0.3,TRUE,FALSE
2006-05-07,7,May,2006,1.3,-5.7,0,TRUE,FALSE
2006-05-08,8,May,2006,10.3,-2.3,0,TRUE,FALSE
2006-05-09,9,May,2006,12.1,-0.2,0,TRUE,FALSE
2006-05-10,10,May,2006,13.9,2.2,0,TRUE,FALSE
2006-05-11,11,May,2006,15.7,12.4,8.3,TRUE,FALSE
2006-05-12,12,May,2006,14.3,9.3,12.1,TRUE,FALSE
2006-05-13,13,May,2006,10.6,8.5,3.9,TRUE,FALSE
2006-05-14,14,May,2006,10,7.9,1.7,TRUE,FALSE
2006-05-15,15,May,2006,11.4,9.3,1.6,TRUE,FALSE
2006-05-16,16,May,2006,11,5.8,2,TRUE,FALSE
2006-05-17,17,May,2006,13.2,6.5,1.3,TRUE,FALSE
2006-05-18,18,May,2006,12.2,4.1,1.8,TRUE,FALSE
2006-05-19,19,May,2006,12.8,7.5,0,TRUE,FALSE
2006-05-20,20,May,2006,4.7,1,0.5,TRUE,FALSE
2006-05-21,21,May,2006,5.2,0.6,0.7,TRUE,FALSE
2006-05-22,22,May,2006,4.7,1,0,TRUE,FALSE
2006-05-23,23,May,2006,8.1,0.3,0,TRUE,FALSE
2006-05-24,24,May,2006,10.6,-2.1,0,TRUE,FALSE
2006-05-25,25,May,2006,14.2,3.6,0,TRUE,FALSE
2006-05-26,26,May,2006,14.4,9.7,1.8,TRUE,FALSE
2006-05-27,27,May,2006,14.7,6,0,TRUE,FALSE
2006-05-28,28,May,2006,13.7,4,0,TRUE,FALSE
2006-05-29,29,May,2006,23.1,14,0,TRUE,FALSE
2006-05-30,30,May,2006,23.9,14.6,2.3,TRUE,FALSE
2006-05-31,31,May,2006,20.4,14.4,0.4,TRUE,FALSE
2007-03-01,1,Mar,2007,-14.1,-25.3,1.4,TRUE,FALSE
2007-03-02,2,Mar,2007,-4.4,-9,11.2,TRUE,FALSE
2007-03-03,3,Mar,2007,-3.1,-4.7,1.8,TRUE,FALSE
2007-03-04,4,Mar,2007,-7.3,-12,0.3,TRUE,FALSE
2007-03-05,5,Mar,2007,-15.2,-24.9,1.1,TRUE,FALSE
2007-03-06,6,Mar,2007,-22.4,-30.2,0,TRUE,FALSE
2007-03-07,7,Mar,2007,-21.5,-34.7,0,TRUE,FALSE
2007-03-08,8,Mar,2007,-18.4,-25.2,0,TRUE,FALSE
2007-03-09,9,Mar,2007,-13.5,-24.7,0.3,TRUE,FALSE
2007-03-10,10,Mar,2007,-2.4,-7.1,4.7,TRUE,FALSE
2007-03-11,11,Mar,2007,1,-4.2,0,TRUE,FALSE
2007-03-12,12,Mar,2007,1.4,-3.1,0,TRUE,FALSE
2007-03-13,13,Mar,2007,6.9,-0.1,0.3,TRUE,FALSE
2007-03-14,14,Mar,2007,7.4,0.3,0,TRUE,FALSE
2007-03-15,15,Mar,2007,-4,-11.8,0.7,TRUE,FALSE
2007-03-16,16,Mar,2007,-9.8,-14.2,0,TRUE,FALSE
2007-03-17,17,Mar,2007,-6.6,-9.5,0.9,TRUE,FALSE
2007-03-18,18,Mar,2007,-8.6,-15.4,0,TRUE,FALSE
2007-03-19,19,Mar,2007,-8.9,-17.8,2.1,TRUE,FALSE
2007-03-20,20,Mar,2007,-12.6,-19.8,0,TRUE,FALSE
2007-03-21,21,Mar,2007,-7.3,-20.7,5.8,TRUE,FALSE
2007-03-22,22,Mar,2007,3.4,-2.7,9.7,TRUE,FALSE
2007-03-23,23,Mar,2007,1.5,-5.3,0,TRUE,FALSE
2007-03-24,24,Mar,2007,-1.2,-6.6,7.4,TRUE,FALSE
2007-03-25,25,Mar,2007,2.4,-1.1,0,TRUE,FALSE
2007-03-26,26,Mar,2007,7.3,1.8,5.1,TRUE,FALSE
2007-03-27,27,Mar,2007,5.1,-2.1,0,TRUE,FALSE
2007-03-28,28,Mar,2007,1,-4.3,0,TRUE,FALSE
2007-03-29,29,Mar,2007,1.2,-7.5,0.3,TRUE,FALSE
2007-03-30,30,Mar,2007,2.2,-4.8,0,TRUE,FALSE
2007-03-31,31,Mar,2007,1.5,-7.6,0,TRUE,FALSE
2007-04-01,1,Apr,2007,0.2,-4.4,0.6,TRUE,FALSE
2007-04-02,2,Apr,2007,5.2,2.4,4.5,TRUE,FALSE
2007-04-03,3,Apr,2007,5.3,1.7,6,TRUE,FALSE
2007-04-04,4,Apr,2007,1.2,-3.8,18.3,TRUE,FALSE
2007-04-05,5,Apr,2007,-5.6,-9.4,1.7,TRUE,FALSE
2007-04-06,6,Apr,2007,-9.4,-13.7,0.8,TRUE,FALSE
2007-04-07,7,Apr,2007,-9.5,-14.8,0.3,TRUE,FALSE
2007-04-08,8,Apr,2007,-2.6,-9,0.6,TRUE,FALSE
2007-04-09,9,Apr,2007,-1.7,-5.4,0,TRUE,FALSE
2007-04-10,10,Apr,2007,-3.5,-8.6,0,TRUE,FALSE
2007-04-11,11,Apr,2007,-3.3,-11.1,3.5,TRUE,FALSE
2007-04-12,12,Apr,2007,-0.1,-1.4,NA,FALSE,FALSE
2007-04-13,13,Apr,2007,1.2,-0.5,2.5,TRUE,FALSE
2007-04-14,14,Apr,2007,1.3,-1.4,0,TRUE,FALSE
2007-04-15,15,Apr,2007,1.6,-1.7,3.2,TRUE,FALSE
2007-04-16,16,Apr,2007,1.8,0.4,14.1,TRUE,FALSE
2007-04-17,17,Apr,2007,3.4,0.5,1.2,TRUE,FALSE
2007-04-18,18,Apr,2007,6.3,-1.9,1.2,TRUE,FALSE
2007-04-19,19,Apr,2007,7.3,-3.2,0,TRUE,FALSE
2007-04-20,20,Apr,2007,8.4,-4.5,0.3,TRUE,FALSE
2007-04-21,21,Apr,2007,10.1,-3.4,0,TRUE,FALSE
2007-04-22,22,Apr,2007,12,-0.6,0.3,TRUE,FALSE
2007-04-23,23,Apr,2007,13.3,3.2,4,TRUE,FALSE
2007-04-24,24,Apr,2007,5.5,-2.3,20.2,TRUE,FALSE
2007-04-25,25,Apr,2007,5.5,-3.6,0,TRUE,FALSE
2007-04-26,26,Apr,2007,5.3,-3.8,1.3,TRUE,FALSE
2007-04-27,27,Apr,2007,8.3,6,7.1,TRUE,FALSE
2007-04-28,28,Apr,2007,7.6,6.1,0.9,TRUE,FALSE
2007-04-29,29,Apr,2007,11.7,3.6,0.4,TRUE,FALSE
2007-04-30,30,Apr,2007,6,-2.4,0.6,TRUE,FALSE
2007-05-01,1,May,2007,5.4,-3.4,0,TRUE,FALSE
2007-05-02,2,May,2007,6.6,-2.6,0,TRUE,FALSE
2007-05-03,3,May,2007,5.7,-5,0,TRUE,FALSE
2007-05-04,4,May,2007,7.2,-3.8,0,TRUE,FALSE
2007-05-05,5,May,2007,5.9,-1.9,0.9,TRUE,FALSE
2007-05-06,6,May,2007,6.5,-4.4,0,TRUE,FALSE
2007-05-07,7,May,2007,9.1,-4.6,0.3,TRUE,FALSE
2007-05-08,8,May,2007,16.2,6.4,0,TRUE,FALSE
2007-05-09,9,May,2007,14.3,4.8,0,TRUE,FALSE
2007-05-10,10,May,2007,15.6,9.1,0.4,TRUE,FALSE
2007-05-11,11,May,2007,10.5,3.6,0.4,TRUE,FALSE
2007-05-12,12,May,2007,4.4,-3.8,0,TRUE,FALSE
2007-05-13,13,May,2007,5.6,-5.7,0,TRUE,FALSE
2007-05-14,14,May,2007,7.7,-2.5,4.9,TRUE,FALSE
2007-05-15,15,May,2007,13.9,8.8,12,TRUE,FALSE
2007-05-16,16,May,2007,6.2,3.1,12.8,TRUE,FALSE
2007-05-17,17,May,2007,7.1,-0.9,0,TRUE,FALSE
2007-05-18,18,May,2007,8.7,-2.5,0,TRUE,FALSE
2007-05-19,19,May,2007,11.4,-1.3,0,TRUE,FALSE
2007-05-20,20,May,2007,4.6,-1.1,0,TRUE,FALSE
2007-05-21,21,May,2007,6.6,-2.5,0,TRUE,FALSE
2007-05-22,22,May,2007,9.2,-1.6,0,TRUE,FALSE
2007-05-23,23,May,2007,15.5,2.2,0,TRUE,FALSE
2007-05-24,24,May,2007,19.6,8.6,NA,FALSE,FALSE
2007-05-25,25,May,2007,15.5,5.3,0,TRUE,FALSE
2007-05-26,26,May,2007,12.4,2.6,0,TRUE,FALSE
2007-05-27,27,May,2007,12.1,7.6,8.8,TRUE,FALSE
2007-05-28,28,May,2007,9.4,3.4,0,TRUE,FALSE
2007-05-29,29,May,2007,13.2,2.8,0,TRUE,FALSE
2007-05-30,30,May,2007,17.7,8.4,0.8,TRUE,FALSE
2007-05-31,31,May,2007,20.6,11.8,0,TRUE,FALSE
2008-03-01,1,Mar,2008,-13.2,-20.5,2.4,TRUE,FALSE
2008-03-02,2,Mar,2008,-12.5,-25.3,0,TRUE,FALSE
2008-03-03,3,Mar,2008,3.3,-2.4,7.4,TRUE,FALSE
2008-03-04,4,Mar,2008,-5.9,-9.7,0,TRUE,FALSE
2008-03-05,5,Mar,2008,-12.8,-19.1,16,TRUE,FALSE
2008-03-06,6,Mar,2008,-9.4,-18.6,0.7,TRUE,FALSE
2008-03-07,7,Mar,2008,-8.8,-14.8,1.7,TRUE,FALSE
2008-03-08,8,Mar,2008,-10.5,-13.1,17.6,TRUE,FALSE
2008-03-09,9,Mar,2008,-16.8,-27.2,2.5,TRUE,FALSE
2008-03-10,10,Mar,2008,-17.2,-31.7,0,TRUE,FALSE
2008-03-11,11,Mar,2008,-11.7,-24.6,0,TRUE,FALSE
2008-03-12,12,Mar,2008,-11.1,-18.4,2.1,TRUE,FALSE
2008-03-13,13,Mar,2008,-14.3,-21.4,2.2,TRUE,FALSE
2008-03-14,14,Mar,2008,-1.5,-9.8,0,TRUE,FALSE
2008-03-15,15,Mar,2008,1,-2.9,0.6,TRUE,FALSE
2008-03-16,16,Mar,2008,-8.4,-15.3,0,TRUE,FALSE
2008-03-17,17,Mar,2008,-9.7,-22,0,TRUE,FALSE
2008-03-18,18,Mar,2008,-2.7,-9,6.5,TRUE,FALSE
2008-03-19,19,Mar,2008,0.9,-0.8,3.4,TRUE,FALSE
2008-03-20,20,Mar,2008,-6,-11.8,0.6,TRUE,FALSE
2008-03-21,21,Mar,2008,-9.3,-15.7,0,TRUE,FALSE
2008-03-22,22,Mar,2008,-8.5,-15.9,0,TRUE,FALSE
2008-03-23,23,Mar,2008,-13,-22.2,0,TRUE,FALSE
2008-03-24,24,Mar,2008,-14.8,-26.7,0,TRUE,FALSE
2008-03-25,25,Mar,2008,-10.7,-22.1,8.4,TRUE,FALSE
2008-03-26,26,Mar,2008,-4.7,-11.2,0.6,TRUE,FALSE
2008-03-27,27,Mar,2008,-4.4,-10.8,0,TRUE,FALSE
2008-03-28,28,Mar,2008,-8.3,-16.6,0,TRUE,FALSE
2008-03-29,29,Mar,2008,-11.6,-23.2,0,TRUE,FALSE
2008-03-30,30,Mar,2008,-8.8,-22.9,0,TRUE,FALSE
2008-03-31,31,Mar,2008,1.2,-0.5,23.2,TRUE,FALSE
2008-04-01,1,Apr,2008,1,-7.8,25.6,TRUE,FALSE
2008-04-02,2,Apr,2008,-4.7,-11.5,0,TRUE,FALSE
2008-04-03,3,Apr,2008,-2,-12.5,0,TRUE,FALSE
2008-04-04,4,Apr,2008,-1.3,-5.9,0,TRUE,FALSE
2008-04-05,5,Apr,2008,3.1,-5.8,0,TRUE,FALSE
2008-04-06,6,Apr,2008,3.1,-6.9,0,TRUE,FALSE
2008-04-07,7,Apr,2008,2.7,-3.4,0,TRUE,FALSE
2008-04-08,8,Apr,2008,6.7,-0.2,0,TRUE,FALSE
2008-04-09,9,Apr,2008,5.1,-0.2,4.9,TRUE,FALSE
2008-04-10,10,Apr,2008,2,-1.1,0,TRUE,FALSE
2008-04-11,11,Apr,2008,-0.6,-1.4,26.8,TRUE,FALSE
2008-04-12,12,Apr,2008,-1.4,-4.2,22.7,TRUE,FALSE
2008-04-13,13,Apr,2008,-0.8,-4.8,0,TRUE,FALSE
2008-04-14,14,Apr,2008,0.1,-6.8,0,TRUE,FALSE
2008-04-15,15,Apr,2008,-0.2,-9.7,0,TRUE,FALSE
2008-04-16,16,Apr,2008,6.1,-4,0,TRUE,FALSE
2008-04-17,17,Apr,2008,9.3,-2,0,TRUE,FALSE
2008-04-18,18,Apr,2008,11.4,-1.1,0,TRUE,FALSE
2008-04-19,19,Apr,2008,12.4,-0.9,0,TRUE,FALSE
2008-04-20,20,Apr,2008,13.2,1.4,0,TRUE,FALSE
2008-04-21,21,Apr,2008,12.3,0.3,0,TRUE,FALSE
2008-04-22,22,Apr,2008,13.6,2.4,0,TRUE,FALSE
2008-04-23,23,Apr,2008,10,-1.5,0,TRUE,FALSE
2008-04-24,24,Apr,2008,9,-3.3,0,TRUE,FALSE
2008-04-25,25,Apr,2008,8.6,-1.1,6,TRUE,FALSE
2008-04-26,26,Apr,2008,10.4,0.8,15.1,TRUE,FALSE
2008-04-27,27,Apr,2008,7.9,-1.4,0,TRUE,FALSE
2008-04-28,28,Apr,2008,1.8,-1.2,15.5,TRUE,FALSE
2008-04-29,29,Apr,2008,-0.5,-5.1,0,TRUE,FALSE
2008-04-30,30,Apr,2008,-0.1,-6.7,0.7,TRUE,FALSE
2008-05-01,1,May,2008,4.2,-4.7,0,TRUE,FALSE
2008-05-02,2,May,2008,4.8,-1.2,4.7,TRUE,FALSE
2008-05-03,3,May,2008,10.5,6.4,22.1,TRUE,FALSE
2008-05-04,4,May,2008,4.4,-2.2,1.7,TRUE,FALSE
2008-05-05,5,May,2008,7.7,-3,0,TRUE,FALSE
2008-05-06,6,May,2008,7,-1.6,0,TRUE,FALSE
2008-05-07,7,May,2008,5.4,-2.5,14.4,TRUE,FALSE
2008-05-08,8,May,2008,5.4,-1.5,0,TRUE,FALSE
2008-05-09,9,May,2008,6.1,-2.7,0,TRUE,FALSE
2008-05-10,10,May,2008,10.6,1.7,0,TRUE,FALSE
2008-05-11,11,May,2008,9.1,-0.9,0,TRUE,FALSE
2008-05-12,12,May,2008,12.4,5.5,0,TRUE,FALSE
2008-05-13,13,May,2008,12.6,2.3,0,TRUE,FALSE
2008-05-14,14,May,2008,12.1,2.3,1.8,TRUE,FALSE
2008-05-15,15,May,2008,7.6,-0.9,0,TRUE,FALSE
2008-05-16,16,May,2008,8.2,-2.5,0,TRUE,FALSE
2008-05-17,17,May,2008,7.9,1,2.3,TRUE,FALSE
2008-05-18,18,May,2008,5.6,-1.1,7.1,TRUE,FALSE
2008-05-19,19,May,2008,5.4,0.7,5,TRUE,FALSE
2008-05-20,20,May,2008,7.5,-0.7,0,TRUE,FALSE
2008-05-21,21,May,2008,5.2,1.3,0.6,TRUE,FALSE
2008-05-22,22,May,2008,9.2,3.1,1.4,TRUE,FALSE
2008-05-23,23,May,2008,10.9,5,0,TRUE,FALSE
2008-05-24,24,May,2008,10.7,2.2,0,TRUE,FALSE
2008-05-25,25,May,2008,10.7,-0.5,0,TRUE,FALSE
2008-05-26,26,May,2008,13.5,5.2,5.3,TRUE,FALSE
2008-05-27,27,May,2008,4.1,-2.3,0,TRUE,FALSE
2008-05-28,28,May,2008,6.7,-3.6,0,TRUE,FALSE
2008-05-29,29,May,2008,13.8,4.4,0,TRUE,FALSE
2008-05-30,30,May,2008,11.1,1.7,9.6,TRUE,FALSE
2008-05-31,31,May,2008,14.2,8.8,4.1,TRUE,FALSE
2009-03-01,1,Mar,2009,-17.7,-28,0,TRUE,FALSE
2009-03-02,2,Mar,2009,-17.7,-22.7,0,TRUE,FALSE
2009-03-03,3,Mar,2009,-16.9,-27.1,0,TRUE,FALSE
2009-03-04,4,Mar,2009,-13.1,-25.1,0,TRUE,FALSE
2009-03-05,5,Mar,2009,-10,-21.6,0,TRUE,FALSE
2009-03-06,6,Mar,2009,4.6,0.3,0.6,TRUE,FALSE
2009-03-07,7,Mar,2009,3.3,-0.8,0,TRUE,FALSE
2009-03-08,8,Mar,2009,-0.1,-4,0,TRUE,FALSE
2009-03-09,9,Mar,2009,-2.1,-8.3,5.5,TRUE,FALSE
2009-03-10,10,Mar,2009,-2.4,-8.6,1.5,TRUE,FALSE
2009-03-11,11,Mar,2009,-3.5,-11.4,13.1,TRUE,FALSE
2009-03-12,12,Mar,2009,-13,-18.4,0,TRUE,FALSE
2009-03-13,13,Mar,2009,-12.8,-23.1,0.6,TRUE,FALSE
2009-03-14,14,Mar,2009,-4.4,-13.6,0,TRUE,FALSE
2009-03-15,15,Mar,2009,0,-9.7,0,TRUE,FALSE
2009-03-16,16,Mar,2009,1.3,-8.9,0,TRUE,FALSE
2009-03-17,17,Mar,2009,2.2,-7.9,0,TRUE,FALSE
2009-03-18,18,Mar,2009,4.3,-2.7,0,TRUE,FALSE
2009-03-19,19,Mar,2009,-5.5,-10.3,0,TRUE,FALSE
2009-03-20,20,Mar,2009,-6.9,-14.9,0,TRUE,FALSE
2009-03-21,21,Mar,2009,-5.7,-14.9,0,TRUE,FALSE
2009-03-22,22,Mar,2009,-7.1,-13.5,0.6,TRUE,FALSE
2009-03-23,23,Mar,2009,-8.8,-16,0,TRUE,FALSE
2009-03-24,24,Mar,2009,-6.1,-17,0,TRUE,FALSE
2009-03-25,25,Mar,2009,1.4,-6.9,0.6,TRUE,FALSE
2009-03-26,26,Mar,2009,3.3,-0.1,1.1,TRUE,FALSE
2009-03-27,27,Mar,2009,3.9,-2.4,0,TRUE,FALSE
2009-03-28,28,Mar,2009,3.5,-0.7,0,TRUE,FALSE
2009-03-29,29,Mar,2009,3.1,1.2,20.8,TRUE,FALSE
2009-03-30,30,Mar,2009,-0.3,-2.4,1.6,TRUE,FALSE
2009-03-31,31,Mar,2009,2.1,-2.8,0,TRUE,FALSE
2009-04-01,1,Apr,2009,3.1,-0.4,10.4,TRUE,FALSE
2009-04-02,2,Apr,2009,4.4,-3.4,0,TRUE,FALSE
2009-04-03,3,Apr,2009,3.5,-1.6,24.2,TRUE,FALSE
2009-04-04,4,Apr,2009,2.7,-1,7.1,TRUE,FALSE
2009-04-05,5,Apr,2009,2.4,-1.2,0,TRUE,FALSE
2009-04-06,6,Apr,2009,-3.1,-5.8,11.9,TRUE,FALSE
2009-04-07,7,Apr,2009,-5,-7.6,4.6,TRUE,FALSE
2009-04-08,8,Apr,2009,-1.5,-4.7,0.7,TRUE,FALSE
2009-04-09,9,Apr,2009,1,-4.8,0,TRUE,FALSE
2009-04-10,10,Apr,2009,0.9,-4.5,0,TRUE,FALSE
2009-04-11,11,Apr,2009,-1.2,-5.4,0,TRUE,FALSE
2009-04-12,12,Apr,2009,-2.6,-8.3,0,TRUE,FALSE
2009-04-13,13,Apr,2009,-0.4,-9.7,0,TRUE,FALSE
2009-04-14,14,Apr,2009,2.9,-6.1,0,TRUE,FALSE
2009-04-15,15,Apr,2009,3.8,-5.5,0,TRUE,FALSE
2009-04-16,16,Apr,2009,4.3,-5.6,0,TRUE,FALSE
2009-04-17,17,Apr,2009,6.9,-4.5,0,TRUE,FALSE
2009-04-18,18,Apr,2009,3.2,-1.9,7.3,TRUE,FALSE
2009-04-19,19,Apr,2009,2.9,-5.2,0.6,TRUE,FALSE
2009-04-20,20,Apr,2009,3.4,-1.8,3.1,TRUE,FALSE
2009-04-21,21,Apr,2009,6.2,0.9,3.5,TRUE,FALSE
2009-04-22,22,Apr,2009,5,1.4,3.3,TRUE,FALSE
2009-04-23,23,Apr,2009,3.8,-2.7,0.6,TRUE,FALSE
2009-04-24,24,Apr,2009,9.9,-3.1,0,TRUE,FALSE
2009-04-25,25,Apr,2009,13.3,3,15.1,TRUE,FALSE
2009-04-26,26,Apr,2009,3.6,1.5,0.7,TRUE,FALSE
2009-04-27,27,Apr,2009,14.3,1.2,2.6,TRUE,FALSE
2009-04-28,28,Apr,2009,6.2,-2,5.6,TRUE,FALSE
2009-04-29,29,Apr,2009,6,-3.6,0,TRUE,FALSE
2009-04-30,30,Apr,2009,9.2,-2.3,7.9,TRUE,FALSE
2009-05-01,1,May,2009,6.5,-1.1,0.7,TRUE,FALSE
2009-05-02,2,May,2009,4.9,-2.4,0,TRUE,FALSE
2009-05-03,3,May,2009,7.3,-0.8,0,TRUE,FALSE
2009-05-04,4,May,2009,7.1,-2.9,0,TRUE,FALSE
2009-05-05,5,May,2009,8.8,-2.8,0,TRUE,FALSE
2009-05-06,6,May,2009,12.8,7.1,0,TRUE,FALSE
2009-05-07,7,May,2009,14.6,9.2,2.6,TRUE,FALSE
2009-05-08,8,May,2009,14.9,7.4,0,TRUE,FALSE
2009-05-09,9,May,2009,7.6,1.6,18.3,TRUE,FALSE
2009-05-10,10,May,2009,3.4,-2.6,0,TRUE,FALSE
2009-05-11,11,May,2009,4.9,-4.4,0,TRUE,FALSE
2009-05-12,12,May,2009,7,-3.6,0,TRUE,FALSE
2009-05-13,13,May,2009,8.6,-2.6,0,TRUE,FALSE
2009-05-14,14,May,2009,9.6,3.2,11.3,TRUE,FALSE
2009-05-15,15,May,2009,9.1,-1.2,0,TRUE,FALSE
2009-05-16,16,May,2009,8.2,1.4,8.7,TRUE,FALSE
2009-05-17,17,May,2009,1.5,-3.1,0,TRUE,FALSE
2009-05-18,18,May,2009,5.4,-4.8,0,TRUE,FALSE
2009-05-19,19,May,2009,8.2,0.5,3.3,TRUE,FALSE
2009-05-20,20,May,2009,16,5.3,0.9,TRUE,FALSE
2009-05-21,21,May,2009,19.3,10.6,0,TRUE,FALSE
2009-05-22,22,May,2009,11.6,3.1,0,TRUE,FALSE
2009-05-23,23,May,2009,11.8,1.6,0,TRUE,FALSE
2009-05-24,24,May,2009,10.5,2,0,TRUE,FALSE
2009-05-25,25,May,2009,8.1,0.6,0,TRUE,FALSE
2009-05-26,26,May,2009,8.9,0.3,0,TRUE,FALSE
2009-05-27,27,May,2009,11.7,9.9,14,TRUE,FALSE
2009-05-28,28,May,2009,11.7,9.7,6.7,TRUE,FALSE
2009-05-29,29,May,2009,11.9,8.2,2.9,TRUE,FALSE
2009-05-30,30,May,2009,11.4,5.5,1.3,TRUE,FALSE
2009-05-31,31,May,2009,4.8,0.4,3.1,TRUE,FALSE
2010-03-01,1,Mar,2010,-2.5,-5.4,0,TRUE,FALSE
2010-03-02,2,Mar,2010,-3.2,-9.5,0,TRUE,FALSE
2010-03-03,3,Mar,2010,-5.4,-13.6,0,TRUE,FALSE
2010-03-04,4,Mar,2010,-3.9,-10.9,0,TRUE,FALSE
2010-03-05,5,Mar,2010,-5.6,-15,0,TRUE,FALSE
2010-03-06,6,Mar,2010,-3.9,-16.9,0,TRUE,FALSE
2010-03-07,7,Mar,2010,1.6,-6.7,0,TRUE,FALSE
2010-03-08,8,Mar,2010,2.5,-6.2,0,TRUE,FALSE
2010-03-09,9,Mar,2010,2.3,-5.8,0,TRUE,FALSE
2010-03-10,10,Mar,2010,1.5,-8.8,0,TRUE,FALSE
2010-03-11,11,Mar,2010,1.6,-4.9,0,TRUE,FALSE
2010-03-12,12,Mar,2010,2,-1.7,0,TRUE,FALSE
2010-03-13,13,Mar,2010,6,2.2,0,TRUE,FALSE
2010-03-14,14,Mar,2010,2.7,0.7,1.2,TRUE,FALSE
2010-03-15,15,Mar,2010,3.6,-5.3,0,TRUE,FALSE
2010-03-16,16,Mar,2010,3,-8.4,0.6,TRUE,FALSE
2010-03-17,17,Mar,2010,4.4,-5.9,0,TRUE,FALSE
2010-03-18,18,Mar,2010,5.6,-2.9,0,TRUE,FALSE
2010-03-19,19,Mar,2010,4,-4.7,0,TRUE,FALSE
2010-03-20,20,Mar,2010,0.8,-3,0,TRUE,FALSE
2010-03-21,21,Mar,2010,0.6,-7.1,0,TRUE,FALSE
2010-03-22,22,Mar,2010,0.3,-8.4,0,TRUE,FALSE
2010-03-23,23,Mar,2010,-0.5,-4,0.7,TRUE,FALSE
2010-03-24,24,Mar,2010,2.9,-5.9,0,TRUE,FALSE
2010-03-25,25,Mar,2010,-1.5,-10.5,0.6,TRUE,FALSE
2010-03-26,26,Mar,2010,-8.7,-14.1,0,TRUE,FALSE
2010-03-27,27,Mar,2010,-4,-13.4,0,TRUE,FALSE
2010-03-28,28,Mar,2010,3.3,-1.8,4.3,TRUE,FALSE
2010-03-29,29,Mar,2010,-0.1,-5.9,2.3,TRUE,FALSE
2010-03-30,30,Mar,2010,1.2,-8.2,0,TRUE,FALSE
2010-03-31,31,Mar,2010,4.8,-7.4,0,TRUE,FALSE
2010-04-01,1,Apr,2010,10.4,-1.1,0,TRUE,FALSE
2010-04-02,2,Apr,2010,14.3,-0.1,0,TRUE,FALSE
2010-04-03,3,Apr,2010,14.2,1.6,0,TRUE,FALSE
2010-04-04,4,Apr,2010,10.8,3.9,0,TRUE,FALSE
2010-04-05,5,Apr,2010,11.3,5.1,3.2,TRUE,FALSE
2010-04-06,6,Apr,2010,8.1,4.7,8.6,TRUE,FALSE
2010-04-07,7,Apr,2010,7.8,4.3,NA,FALSE,FALSE
2010-04-08,8,Apr,2010,2.2,0,9.6,TRUE,FALSE
2010-04-09,9,Apr,2010,1.2,-1,0.7,TRUE,FALSE
2010-04-10,10,Apr,2010,4.1,-1.8,0.7,TRUE,FALSE
2010-04-11,11,Apr,2010,4.2,-2.6,0,TRUE,FALSE
2010-04-12,12,Apr,2010,3.4,-4.8,0,TRUE,FALSE
2010-04-13,13,Apr,2010,4.5,-5.1,0,TRUE,FALSE
2010-04-14,14,Apr,2010,6.2,-5.6,0,TRUE,FALSE
2010-04-15,15,Apr,2010,8.9,1.5,0,TRUE,FALSE
2010-04-16,16,Apr,2010,10.9,2,0,TRUE,FALSE
2010-04-17,17,Apr,2010,3,0.5,4.7,TRUE,FALSE
2010-04-18,18,Apr,2010,6.1,-0.7,0,TRUE,FALSE
2010-04-19,19,Apr,2010,7,-1.7,0,TRUE,FALSE
2010-04-20,20,Apr,2010,8.1,-3,0,TRUE,FALSE
2010-04-21,21,Apr,2010,6.9,-3,0,TRUE,FALSE
2010-04-22,22,Apr,2010,3.1,-3.5,0,TRUE,FALSE
2010-04-23,23,Apr,2010,4.6,-5.5,0,TRUE,FALSE
2010-04-24,24,Apr,2010,8.1,-3.7,0,TRUE,FALSE
2010-04-25,25,Apr,2010,8.1,-0.2,0,TRUE,FALSE
2010-04-26,26,Apr,2010,6.9,-1.6,0,TRUE,FALSE
2010-04-27,27,Apr,2010,3.5,-0.5,0.6,TRUE,FALSE
2010-04-28,28,Apr,2010,4.7,-2.9,0,TRUE,FALSE
2010-04-29,29,Apr,2010,6,-4.4,0,TRUE,FALSE
2010-04-30,30,Apr,2010,11,2.4,0,TRUE,FALSE
2010-05-01,1,May,2010,12.9,7.6,5.2,TRUE,FALSE
2010-05-02,2,May,2010,16.7,12.3,0.7,TRUE,FALSE
2010-05-03,3,May,2010,14.1,6.3,12.4,TRUE,FALSE
2010-05-04,4,May,2010,9.3,1,0,TRUE,FALSE
2010-05-05,5,May,2010,12,0.2,9.6,TRUE,FALSE
2010-05-06,6,May,2010,6.4,0.5,1.4,TRUE,FALSE
2010-05-07,7,May,2010,4.8,-1.9,0,TRUE,FALSE
2010-05-08,8,May,2010,1.2,-2.5,11.4,TRUE,FALSE
2010-05-09,9,May,2010,0.8,-4.4,0,TRUE,FALSE
2010-05-10,10,May,2010,2.7,-6,0,TRUE,FALSE
2010-05-11,11,May,2010,4.8,-4.4,0,TRUE,FALSE
2010-05-12,12,May,2010,6.7,-1.7,0,TRUE,FALSE
2010-05-13,13,May,2010,6,-3,3.3,TRUE,FALSE
2010-05-14,14,May,2010,10.9,5.5,0.8,TRUE,FALSE
2010-05-15,15,May,2010,9.2,5.9,0,TRUE,FALSE
2010-05-16,16,May,2010,11.4,1.7,0,TRUE,FALSE
2010-05-17,17,May,2010,11.6,-1.1,0,TRUE,FALSE
2010-05-18,18,May,2010,14.3,3.8,0,TRUE,FALSE
2010-05-19,19,May,2010,15.7,4.2,0,TRUE,FALSE
2010-05-20,20,May,2010,16.8,6.5,0,TRUE,FALSE
2010-05-21,21,May,2010,15.6,5.4,0,TRUE,FALSE
2010-05-22,22,May,2010,19.1,11.5,0,TRUE,FALSE
2010-05-23,23,May,2010,16,9,0,TRUE,FALSE
2010-05-24,24,May,2010,19.7,9,0,TRUE,FALSE
2010-05-25,25,May,2010,22,11.8,0,TRUE,FALSE
2010-05-26,26,May,2010,23.8,14.1,0,TRUE,FALSE
2010-05-27,27,May,2010,20.3,13.5,6.8,TRUE,FALSE
2010-05-28,28,May,2010,21,15.2,13.9,TRUE,FALSE
2010-05-29,29,May,2010,16.1,10.5,0,TRUE,FALSE
2010-05-30,30,May,2010,16.8,10.2,0,TRUE,FALSE
2010-05-31,31,May,2010,NA,NA,NA,FALSE,TRUE
2011-03-01,1,Mar,2011,NA,NA,0.6,FALSE,FALSE
2011-03-02,2,Mar,2011,NA,NA,1.1,FALSE,FALSE
2011-03-03,3,Mar,2011,NA,NA,1,FALSE,FALSE
2011-03-04,4,Mar,2011,-4.9,-11.4,5.5,TRUE,FALSE
2011-03-05,5,Mar,2011,-0.4,-1.6,20.8,TRUE,FALSE
2011-03-06,6,Mar,2011,NA,NA,2.8,FALSE,FALSE
2011-03-07,7,Mar,2011,NA,NA,1,FALSE,FALSE
2011-03-08,8,Mar,2011,NA,NA,0.3,FALSE,FALSE
2011-03-09,9,Mar,2011,NA,NA,12.6,FALSE,FALSE
2011-03-10,10,Mar,2011,0.9,-1.5,6,TRUE,FALSE
2011-03-11,11,Mar,2011,2.1,0.9,7.5,TRUE,FALSE
2011-03-12,12,Mar,2011,NA,NA,0.2,FALSE,FALSE
2011-03-13,13,Mar,2011,NA,NA,0.2,FALSE,FALSE
2011-03-14,14,Mar,2011,NA,NA,1,FALSE,FALSE
2011-03-15,15,Mar,2011,-4.4,-16,0.6,TRUE,FALSE
2011-03-16,16,Mar,2011,0.1,-5.8,1.4,TRUE,FALSE
2011-03-17,17,Mar,2011,3.2,-5.2,3.8,TRUE,FALSE
2011-03-18,18,Mar,2011,5,1.9,0.9,TRUE,FALSE
2011-03-19,19,Mar,2011,NA,NA,0.2,FALSE,FALSE
2011-03-20,20,Mar,2011,-5.5,-15.3,0.2,TRUE,FALSE
2011-03-21,21,Mar,2011,0.2,-2,5.8,TRUE,FALSE
2011-03-22,22,Mar,2011,NA,NA,0.2,FALSE,FALSE
2011-03-23,23,Mar,2011,NA,NA,0.2,FALSE,FALSE
2011-03-24,24,Mar,2011,NA,NA,0,FALSE,FALSE
2011-03-25,25,Mar,2011,NA,NA,0,FALSE,FALSE
2011-03-26,26,Mar,2011,NA,NA,0,FALSE,FALSE
2011-03-27,27,Mar,2011,NA,NA,0,FALSE,FALSE
2011-03-28,28,Mar,2011,NA,NA,0,FALSE,FALSE
2011-03-29,29,Mar,2011,0.4,-4.4,0,TRUE,FALSE
2011-03-30,30,Mar,2011,-2.3,-11.6,0.6,TRUE,FALSE
2011-03-31,31,Mar,2011,-0.5,-6.9,0.6,TRUE,FALSE
2011-04-01,1,Apr,2011,2.1,-0.1,0.2,TRUE,FALSE
2011-04-02,2,Apr,2011,0.4,-8.1,0.5,TRUE,FALSE
2011-04-03,3,Apr,2011,0.5,-8.5,0.4,TRUE,FALSE
2011-04-04,4,Apr,2011,4,0.5,3.1,TRUE,FALSE
2011-04-05,5,Apr,2011,0.7,-0.3,1.9,TRUE,FALSE
2011-04-06,6,Apr,2011,-2.1,-9,0.5,TRUE,FALSE
2011-04-07,7,Apr,2011,-1.4,-11.1,0.2,TRUE,FALSE
2011-04-08,8,Apr,2011,1.2,-9.2,0.4,TRUE,FALSE
2011-04-09,9,Apr,2011,4.4,-5.7,0.4,TRUE,FALSE
2011-04-10,10,Apr,2011,3.4,-2.8,19.3,TRUE,FALSE
2011-04-11,11,Apr,2011,10.2,1.6,6.3,TRUE,FALSE
2011-04-12,12,Apr,2011,4.8,-2.4,0,TRUE,FALSE
2011-04-13,13,Apr,2011,4.2,-4.9,0.3,TRUE,FALSE
2011-04-14,14,Apr,2011,1.1,-2.2,0,TRUE,FALSE
2011-04-15,15,Apr,2011,-1.8,-7.7,0,TRUE,FALSE
2011-04-16,16,Apr,2011,0.7,-2.2,10.3,TRUE,FALSE
2011-04-17,17,Apr,2011,2.2,0.1,4,TRUE,FALSE
2011-04-18,18,Apr,2011,0.6,-3.9,0.2,TRUE,FALSE
2011-04-19,19,Apr,2011,0.4,-7,2,TRUE,FALSE
2011-04-20,20,Apr,2011,NA,NA,23,FALSE,FALSE
2011-04-21,21,Apr,2011,1.3,-3.3,0.4,TRUE,FALSE
2011-04-22,22,Apr,2011,1.5,-7.3,0.5,TRUE,FALSE
2011-04-23,23,Apr,2011,6.1,2.2,3.8,TRUE,FALSE
2011-04-24,24,Apr,2011,6.3,-0.7,0.7,TRUE,FALSE
2011-04-25,25,Apr,2011,5.9,-2.2,1.2,TRUE,FALSE
2011-04-26,26,Apr,2011,NA,-0.7,2.4,FALSE,FALSE
2011-04-27,27,Apr,2011,11.1,4.8,17,TRUE,FALSE
2011-04-28,28,Apr,2011,10.1,3.9,5.4,TRUE,FALSE
2011-04-29,29,Apr,2011,5.3,2.3,0.6,TRUE,FALSE
2011-04-30,30,Apr,2011,7.8,-3.3,0,TRUE,FALSE
2011-05-01,1,May,2011,10,1,0,TRUE,FALSE
2011-05-02,2,May,2011,6.6,1.3,1.4,TRUE,FALSE
2011-05-03,3,May,2011,3.8,1,2.1,TRUE,FALSE
2011-05-04,4,May,2011,7.5,2.3,0,TRUE,FALSE
2011-05-05,5,May,2011,5.4,-3.5,0,TRUE,FALSE
2011-05-06,6,May,2011,5.5,-2.8,1.8,TRUE,FALSE
2011-05-07,7,May,2011,7,-0.9,0,TRUE,FALSE
2011-05-08,8,May,2011,6.6,-2,0,TRUE,FALSE
2011-05-09,9,May,2011,7.9,-2.4,0,TRUE,FALSE
2011-05-10,10,May,2011,8.7,-1.6,0,TRUE,FALSE
2011-05-11,11,May,2011,10.9,-0.4,0,TRUE,FALSE
2011-05-12,12,May,2011,13.8,3.4,0,TRUE,FALSE
2011-05-13,13,May,2011,17.3,11,0.6,TRUE,FALSE
2011-05-14,14,May,2011,11.8,8.7,8.5,TRUE,FALSE
2011-05-15,15,May,2011,9.1,4.5,0,TRUE,FALSE
2011-05-16,16,May,2011,7.4,5.2,0,TRUE,FALSE
2011-05-17,17,May,2011,10.7,5.2,0,TRUE,FALSE
2011-05-18,18,May,2011,13.6,9.7,0,TRUE,FALSE
2011-05-19,19,May,2011,15.5,10.7,2.3,TRUE,FALSE
2011-05-20,20,May,2011,18.7,11.9,0,TRUE,FALSE
2011-05-21,21,May,2011,18.5,9.5,0,TRUE,FALSE
2011-05-22,22,May,2011,17,12.9,0.3,TRUE,FALSE
2011-05-23,23,May,2011,16.8,13.7,11.4,TRUE,FALSE
2011-05-24,24,May,2011,11.7,7.6,0,TRUE,FALSE
2011-05-25,25,May,2011,10.7,3.4,2.4,TRUE,FALSE
2011-05-26,26,May,2011,8.7,6.7,18.6,TRUE,FALSE
2011-05-27,27,May,2011,10.9,6.3,0,TRUE,FALSE
2011-05-28,28,May,2011,13.6,10.3,0.3,TRUE,FALSE
2011-05-29,29,May,2011,16.3,10,0,TRUE,FALSE
2011-05-30,30,May,2011,17.3,8,0,TRUE,FALSE
2011-05-31,31,May,2011,23,14.3,NA,FALSE,FALSE
2012-03-01,1,Mar,2012,NA,NA,3.3,FALSE,FALSE
2012-03-02,2,Mar,2012,NA,NA,3.2,FALSE,FALSE
2012-03-03,3,Mar,2012,-0.1,-3,9.7,TRUE,FALSE
2012-03-04,4,Mar,2012,NA,NA,0.8,FALSE,FALSE
2012-03-05,5,Mar,2012,NA,NA,1,FALSE,FALSE
2012-03-06,6,Mar,2012,NA,NA,1.6,FALSE,FALSE
2012-03-07,7,Mar,2012,5.8,-2.2,0.2,TRUE,FALSE
2012-03-08,8,Mar,2012,7.6,4.7,4.9,TRUE,FALSE
2012-03-09,9,Mar,2012,NA,NA,3.4,FALSE,FALSE
2012-03-10,10,Mar,2012,NA,NA,1,FALSE,FALSE
2012-03-11,11,Mar,2012,-0.5,-13,0.8,TRUE,FALSE
2012-03-12,12,Mar,2012,3.9,-5.5,3.9,TRUE,FALSE
2012-03-13,13,Mar,2012,5.3,2.2,0.6,TRUE,FALSE
2012-03-14,14,Mar,2012,4.9,1.1,0.3,TRUE,FALSE
2012-03-15,15,Mar,2012,6.7,-2,3.9,TRUE,FALSE
2012-03-16,16,Mar,2012,7.2,1.2,0.8,TRUE,FALSE
2012-03-17,17,Mar,2012,3.8,-4.3,9.9,TRUE,FALSE
2012-03-18,18,Mar,2012,11.4,0.2,0.9,TRUE,FALSE
2012-03-19,19,Mar,2012,11.5,-0.7,1.3,TRUE,FALSE
2012-03-20,20,Mar,2012,12,-0.5,0.8,TRUE,FALSE
2012-03-21,21,Mar,2012,13.4,0.2,0.8,TRUE,FALSE
2012-03-22,22,Mar,2012,10.3,2,0.9,TRUE,FALSE
2012-03-23,23,Mar,2012,10.1,5.5,0,TRUE,FALSE
2012-03-24,24,Mar,2012,4.3,0.6,1,TRUE,FALSE
2012-03-25,25,Mar,2012,8.2,0.6,2.5,TRUE,FALSE
2012-03-26,26,Mar,2012,NA,NA,0.2,FALSE,FALSE
2012-03-27,27,Mar,2012,-3.7,-12.9,2.1,TRUE,FALSE
2012-03-28,28,Mar,2012,3.8,-1.1,2.5,TRUE,FALSE
2012-03-29,29,Mar,2012,NA,NA,0.8,FALSE,FALSE
2012-03-30,30,Mar,2012,-3.6,-9.7,1.3,TRUE,FALSE
2012-03-31,31,Mar,2012,2.2,-3.8,1.3,TRUE,FALSE
2012-04-01,1,Apr,2012,-0.6,-4.6,2.2,TRUE,FALSE
2012-04-02,2,Apr,2012,2,-5.4,1.1,TRUE,FALSE
2012-04-03,3,Apr,2012,0.9,-7,0.9,TRUE,FALSE
2012-04-04,4,Apr,2012,1.8,-3.5,1,TRUE,FALSE
2012-04-05,5,Apr,2012,1.7,-3.9,0,TRUE,FALSE
2012-04-06,6,Apr,2012,3.1,-3.4,0,TRUE,FALSE
2012-04-07,7,Apr,2012,2.6,-7.7,1.3,TRUE,FALSE
2012-04-08,8,Apr,2012,5.4,-5.9,1.2,TRUE,FALSE
2012-04-09,9,Apr,2012,5.3,2.6,4.4,TRUE,FALSE
2012-04-10,10,Apr,2012,2.1,0.3,3.8,TRUE,FALSE
2012-04-11,11,Apr,2012,3.9,0.3,1.1,TRUE,FALSE
2012-04-12,12,Apr,2012,2.9,-4.3,1.4,TRUE,FALSE
2012-04-13,13,Apr,2012,4.6,-6.1,0.9,TRUE,FALSE
2012-04-14,14,Apr,2012,6.7,-3.2,0.5,TRUE,FALSE
2012-04-15,15,Apr,2012,11.4,4.9,0.8,TRUE,FALSE
2012-04-16,16,Apr,2012,14.5,4.9,0.2,TRUE,FALSE
2012-04-17,17,Apr,2012,2.1,-0.7,0.3,TRUE,FALSE
2012-04-18,18,Apr,2012,2.1,-8.1,1.8,TRUE,FALSE
2012-04-19,19,Apr,2012,9.1,0.8,0,TRUE,FALSE
2012-04-20,20,Apr,2012,3.1,0.5,16.8,TRUE,FALSE
2012-04-21,21,Apr,2012,2.2,-0.1,0.6,TRUE,FALSE
2012-04-22,22,Apr,2012,4,-1.8,0,TRUE,FALSE
2012-04-23,23,Apr,2012,2.3,0.8,9.7,TRUE,FALSE
2012-04-24,24,Apr,2012,1.8,-0.5,12.2,TRUE,FALSE
2012-04-25,25,Apr,2012,4,-0.9,1.7,TRUE,FALSE
2012-04-26,26,Apr,2012,2.8,-2.5,6,TRUE,FALSE
2012-04-27,27,Apr,2012,-0.6,-3.3,0.9,TRUE,FALSE
2012-04-28,28,Apr,2012,0.7,-6.6,1,TRUE,FALSE
2012-04-29,29,Apr,2012,1.5,-6.4,2.1,TRUE,FALSE
2012-04-30,30,Apr,2012,2.8,-5.3,1.7,TRUE,FALSE
2012-05-01,1,May,2012,6.6,0.2,6.6,TRUE,FALSE
2012-05-02,2,May,2012,8.6,-1.3,7.2,TRUE,FALSE
2012-05-03,3,May,2012,14.5,10.9,5.9,TRUE,FALSE
2012-05-04,4,May,2012,10.6,3.7,1.4,TRUE,FALSE
2012-05-05,5,May,2012,8.2,0.3,1.8,TRUE,FALSE
2012-05-06,6,May,2012,8.6,-1.9,2,TRUE,FALSE
2012-05-07,7,May,2012,9.9,-1.5,6.3,TRUE,FALSE
2012-05-08,8,May,2012,11.1,8.9,3.4,TRUE,FALSE
2012-05-09,9,May,2012,11.3,4.2,1,TRUE,FALSE
2012-05-10,10,May,2012,8.7,3.9,0.3,TRUE,FALSE
2012-05-11,11,May,2012,8.2,-2.6,2.5,TRUE,FALSE
2012-05-12,12,May,2012,12.6,0.4,2.9,TRUE,FALSE
2012-05-13,13,May,2012,13.9,5.8,1.7,TRUE,FALSE
2012-05-14,14,May,2012,13.3,2.7,1.9,TRUE,FALSE
2012-05-15,15,May,2012,13.4,1.2,1.7,TRUE,FALSE
2012-05-16,16,May,2012,7.4,0.8,0.7,TRUE,FALSE
2012-05-17,17,May,2012,8.5,0.3,4.1,TRUE,FALSE
2012-05-18,18,May,2012,8.3,-1.3,1.9,TRUE,FALSE
2012-05-19,19,May,2012,17,5,1.2,TRUE,FALSE
2012-05-20,20,May,2012,18.9,5.9,2.4,TRUE,FALSE
2012-05-21,21,May,2012,19.6,9.8,2.7,TRUE,FALSE
2012-05-22,22,May,2012,13.1,9.7,0.3,TRUE,FALSE
2012-05-23,23,May,2012,16.3,8.8,2,TRUE,FALSE
2012-05-24,24,May,2012,18.4,8.3,1.6,TRUE,FALSE
2012-05-25,25,May,2012,17.1,8.7,0,TRUE,FALSE
2012-05-26,26,May,2012,15,6,2,TRUE,FALSE
2012-05-27,27,May,2012,14.9,7.9,2.6,TRUE,FALSE
2012-05-28,28,May,2012,20.7,12.6,2.7,TRUE,FALSE
2012-05-29,29,May,2012,18.8,10,0.9,TRUE,FALSE
2012-05-30,30,May,2012,12.4,7.1,0.8,TRUE,FALSE
2012-05-31,31,May,2012,9.6,4.5,1.4,TRUE,FALSE
2013-03-01,1,Mar,2013,NA,NA,0,FALSE,FALSE
2013-03-02,2,Mar,2013,NA,NA,0.4,FALSE,FALSE
2013-03-03,3,Mar,2013,NA,NA,0.9,FALSE,FALSE
2013-03-04,4,Mar,2013,NA,NA,0.5,FALSE,FALSE
2013-03-05,5,Mar,2013,NA,NA,0.6,FALSE,FALSE
2013-03-06,6,Mar,2013,-0.3,-2.7,0,TRUE,FALSE
2013-03-07,7,Mar,2013,-0.8,-2.5,1.1,TRUE,FALSE
2013-03-08,8,Mar,2013,0.4,-4.9,0.8,TRUE,FALSE
2013-03-09,9,Mar,2013,-2.1,-12.8,4.8,TRUE,FALSE
2013-03-10,10,Mar,2013,6.1,-0.1,0.4,TRUE,FALSE
2013-03-11,11,Mar,2013,4.1,0.5,14.2,TRUE,FALSE
2013-03-12,12,Mar,2013,3.3,1.4,0.8,TRUE,FALSE
2013-03-13,13,Mar,2013,NA,NA,4.1,FALSE,FALSE
2013-03-14,14,Mar,2013,NA,NA,0.4,FALSE,FALSE
2013-03-15,15,Mar,2013,NA,NA,3,FALSE,FALSE
2013-03-16,16,Mar,2013,NA,NA,2.3,FALSE,FALSE
2013-03-17,17,Mar,2013,NA,NA,1.2,FALSE,FALSE
2013-03-18,18,Mar,2013,NA,NA,7.4,FALSE,FALSE
2013-03-19,19,Mar,2013,-2.3,-6.7,6.5,TRUE,FALSE
2013-03-20,20,Mar,2013,NA,NA,1.7,FALSE,FALSE
2013-03-21,21,Mar,2013,NA,NA,4.5,FALSE,FALSE
2013-03-22,22,Mar,2013,NA,NA,0.7,FALSE,FALSE
2013-03-23,23,Mar,2013,NA,NA,0.3,FALSE,FALSE
2013-03-24,24,Mar,2013,-0.1,-3.3,0,TRUE,FALSE
2013-03-25,25,Mar,2013,0,-5.5,1.2,TRUE,FALSE
2013-03-26,26,Mar,2013,2.3,-3,2.2,TRUE,FALSE
2013-03-27,27,Mar,2013,-0.9,-5.9,2.5,TRUE,FALSE
2013-03-28,28,Mar,2013,3.2,-0.3,2.4,TRUE,FALSE
2013-03-29,29,Mar,2013,3.8,-0.5,3.6,TRUE,FALSE
2013-03-30,30,Mar,2013,-0.1,-9.3,4.6,TRUE,FALSE
2013-03-31,31,Mar,2013,2.8,-2.8,2.4,TRUE,FALSE
2013-04-01,1,Apr,2013,NA,NA,4.7,FALSE,FALSE
2013-04-02,2,Apr,2013,NA,NA,0.5,FALSE,FALSE
2013-04-03,3,Apr,2013,NA,NA,0,FALSE,FALSE
2013-04-04,4,Apr,2013,-1.2,-9.6,1.5,TRUE,FALSE
2013-04-05,5,Apr,2013,NA,NA,0.9,FALSE,FALSE
2013-04-06,6,Apr,2013,-4.4,-13.6,4.4,TRUE,FALSE
2013-04-07,7,Apr,2013,2.4,-0.8,4.9,TRUE,FALSE
2013-04-08,8,Apr,2013,3.2,-0.3,10.5,TRUE,FALSE
2013-04-09,9,Apr,2013,4.2,0.8,2.5,TRUE,FALSE
2013-04-10,10,Apr,2013,3.1,0.4,1.1,TRUE,FALSE
2013-04-11,11,Apr,2013,NA,NA,0.8,FALSE,FALSE
2013-04-12,12,Apr,2013,NA,NA,19.7,FALSE,FALSE
2013-04-13,13,Apr,2013,0.8,-1.8,1.7,TRUE,FALSE
2013-04-14,14,Apr,2013,0.7,-2.3,1.2,TRUE,FALSE
2013-04-15,15,Apr,2013,5.7,-2.1,0.9,TRUE,FALSE
2013-04-16,16,Apr,2013,7.6,3.6,11.6,TRUE,FALSE
2013-04-17,17,Apr,2013,2.8,-4.2,2.2,TRUE,FALSE
2013-04-18,18,Apr,2013,7.9,0.5,44.7,TRUE,FALSE
2013-04-19,19,Apr,2013,7.8,0.9,17.1,TRUE,FALSE
2013-04-20,20,Apr,2013,NA,NA,1,FALSE,FALSE
2013-04-21,21,Apr,2013,-1.7,-9.5,2.3,TRUE,FALSE
2013-04-22,22,Apr,2013,2.9,-7,1.4,TRUE,FALSE
2013-04-23,23,Apr,2013,5.1,-4,0,TRUE,FALSE
2013-04-24,24,Apr,2013,5.9,3.1,13.4,TRUE,FALSE
2013-04-25,25,Apr,2013,3.4,-3.1,1.1,TRUE,FALSE
2013-04-26,26,Apr,2013,4.9,0.3,0,TRUE,FALSE
2013-04-27,27,Apr,2013,8.3,1.5,1.1,TRUE,FALSE
2013-04-28,28,Apr,2013,10.7,-1.4,0,TRUE,FALSE
2013-04-29,29,Apr,2013,10.3,8.7,0.7,TRUE,FALSE
2013-04-30,30,Apr,2013,13.3,9,1.1,TRUE,FALSE
2013-05-01,1,May,2013,16.1,7.4,0.7,TRUE,FALSE
2013-05-02,2,May,2013,15.1,3.7,0,TRUE,FALSE
2013-05-03,3,May,2013,14.3,3.7,0,TRUE,FALSE
2013-05-04,4,May,2013,15.6,5.6,0,TRUE,FALSE
2013-05-05,5,May,2013,13.4,1.3,0,TRUE,FALSE
2013-05-06,6,May,2013,14.4,2.5,0,TRUE,FALSE
2013-05-07,7,May,2013,14,1.5,0,TRUE,FALSE
2013-05-08,8,May,2013,14.1,2.4,0,TRUE,FALSE
2013-05-09,9,May,2013,15.2,9.1,0.2,TRUE,FALSE
2013-05-10,10,May,2013,6.5,3.9,32.8,TRUE,FALSE
2013-05-11,11,May,2013,7.6,4.3,1,TRUE,FALSE
2013-05-12,12,May,2013,4.3,1,3.4,TRUE,FALSE
2013-05-13,13,May,2013,4.3,-0.4,0.2,TRUE,FALSE
2013-05-14,14,May,2013,5.4,-3.1,0,TRUE,FALSE
2013-05-15,15,May,2013,11.4,3.5,0,TRUE,FALSE
2013-05-16,16,May,2013,7.4,0.7,0,TRUE,FALSE
2013-05-17,17,May,2013,8.5,-1.6,0,TRUE,FALSE
2013-05-18,18,May,2013,10.2,-1,0,TRUE,FALSE
2013-05-19,19,May,2013,11.9,4.1,2,TRUE,FALSE
2013-05-20,20,May,2013,16.8,10.3,1.9,TRUE,FALSE
2013-05-21,21,May,2013,13.2,12.1,9,TRUE,FALSE
2013-05-22,22,May,2013,16.8,12.2,40.9,TRUE,FALSE
2013-05-23,23,May,2013,7.8,0.7,4.4,TRUE,FALSE
2013-05-24,24,May,2013,4.5,-0.5,0.5,TRUE,FALSE
2013-05-25,25,May,2013,6,-1.5,0,TRUE,FALSE
2013-05-26,26,May,2013,8.5,0.4,0,TRUE,FALSE
2013-05-27,27,May,2013,9.2,-1.9,0,TRUE,FALSE
2013-05-28,28,May,2013,NA,-0.4,1.7,FALSE,FALSE
2013-05-29,29,May,2013,16.1,12.6,5.4,TRUE,FALSE
2013-05-30,30,May,2013,20.5,12.4,0,TRUE,FALSE
2013-05-31,31,May,2013,23.1,15.7,0.5,TRUE,FALSE
2014-03-01,1,Mar,2014,-11.1,-16.4,3.2,TRUE,FALSE
2014-03-02,2,Mar,2014,-17.2,-23.7,0.2,TRUE,FALSE
2014-03-03,3,Mar,2014,-20.9,-30.3,0.4,TRUE,FALSE
2014-03-04,4,Mar,2014,-17.7,-24.9,0.9,TRUE,FALSE
2014-03-05,5,Mar,2014,-18.6,-28.4,0.2,TRUE,FALSE
2014-03-06,6,Mar,2014,-18,-32.7,NA,FALSE,FALSE
2014-03-07,7,Mar,2014,-10.3,-24.5,0,TRUE,FALSE
2014-03-08,8,Mar,2014,-10,-18.9,0.4,TRUE,FALSE
2014-03-09,9,Mar,2014,-13.4,-24.6,6.2,TRUE,FALSE
2014-03-10,10,Mar,2014,-2.3,-6.5,1.1,TRUE,FALSE
2014-03-11,11,Mar,2014,1.6,-2.9,0,TRUE,FALSE
2014-03-12,12,Mar,2014,-10.7,-19.2,0.4,TRUE,FALSE
2014-03-13,13,Mar,2014,-15.3,-23.1,0.4,TRUE,FALSE
2014-03-14,14,Mar,2014,-2.3,-11.7,0.9,TRUE,FALSE
2014-03-15,15,Mar,2014,-7.5,-16.2,1.6,TRUE,FALSE
2014-03-16,16,Mar,2014,-18.4,-26.3,0.5,TRUE,FALSE
2014-03-17,17,Mar,2014,-17.2,-29.9,0.2,TRUE,FALSE
2014-03-18,18,Mar,2014,-7.1,-16.4,0,TRUE,FALSE
2014-03-19,19,Mar,2014,-2.3,-6.2,7.1,TRUE,FALSE
2014-03-20,20,Mar,2014,-1.4,-4.5,3.4,TRUE,FALSE
2014-03-21,21,Mar,2014,-3,-8.2,0.2,TRUE,FALSE
2014-03-22,22,Mar,2014,-4.5,-11.2,8.2,TRUE,FALSE
2014-03-23,23,Mar,2014,-16.5,-25.5,0.6,TRUE,FALSE
2014-03-24,24,Mar,2014,-16.8,-29.3,0.8,TRUE,FALSE
2014-03-25,25,Mar,2014,-14.3,-24.7,3.4,TRUE,FALSE
2014-03-26,26,Mar,2014,-15.1,-24.2,0.4,TRUE,FALSE
2014-03-27,27,Mar,2014,-11.6,-24.2,3.9,TRUE,FALSE
2014-03-28,28,Mar,2014,1.2,-2.2,6.6,TRUE,FALSE
2014-03-29,29,Mar,2014,-1.3,-4,0,TRUE,FALSE
2014-03-30,30,Mar,2014,1,-6.3,0,TRUE,FALSE
2014-03-31,31,Mar,2014,1.2,-9.3,0,TRUE,FALSE
2014-04-01,1,Apr,2014,0.5,-7.2,0.6,TRUE,FALSE
2014-04-02,2,Apr,2014,NA,-2.2,NA,FALSE,FALSE
2014-04-03,3,Apr,2014,-1.9,-9.1,0,TRUE,FALSE
2014-04-04,4,Apr,2014,0.4,-2.5,13.7,TRUE,FALSE
2014-04-05,5,Apr,2014,-1.7,-5.2,0.9,TRUE,FALSE
2014-04-06,6,Apr,2014,-0.2,-9.9,0.2,TRUE,FALSE
2014-04-07,7,Apr,2014,2.5,-6.7,7.4,TRUE,FALSE
2014-04-08,8,Apr,2014,2.1,-2.7,4.3,TRUE,FALSE
2014-04-09,9,Apr,2014,-0.4,-6.8,0.2,TRUE,FALSE
2014-04-10,10,Apr,2014,5.1,-4.9,2.9,TRUE,FALSE
2014-04-11,11,Apr,2014,4,-2.5,0.4,TRUE,FALSE
2014-04-12,12,Apr,2014,4.3,-3,1.3,TRUE,FALSE
2014-04-13,13,Apr,2014,4.2,1.7,10.9,TRUE,FALSE
2014-04-14,14,Apr,2014,8.8,-0.8,9.3,TRUE,FALSE
2014-04-15,15,Apr,2014,-5.8,-10.8,10.2,TRUE,FALSE
2014-04-16,16,Apr,2014,-8.6,-17.7,0.2,TRUE,FALSE
2014-04-17,17,Apr,2014,-1.5,-10.6,0,TRUE,FALSE
2014-04-18,18,Apr,2014,2.5,-1.2,4.9,TRUE,FALSE
2014-04-19,19,Apr,2014,2.6,-3.7,0,TRUE,FALSE
2014-04-20,20,Apr,2014,5.2,-4.9,0,TRUE,FALSE
2014-04-21,21,Apr,2014,10,2,6.1,TRUE,FALSE
2014-04-22,22,Apr,2014,5.3,1.2,12.9,TRUE,FALSE
2014-04-23,23,Apr,2014,2.4,-3.2,0,TRUE,FALSE
2014-04-24,24,Apr,2014,2.3,-5,0.2,TRUE,FALSE
2014-04-25,25,Apr,2014,4.4,-1,3.3,TRUE,FALSE
2014-04-26,26,Apr,2014,3,0.7,2.1,TRUE,FALSE
2014-04-27,27,Apr,2014,4.8,-1.1,0,TRUE,FALSE
2014-04-28,28,Apr,2014,5.3,-2.5,0,TRUE,FALSE
2014-04-29,29,Apr,2014,7.4,5.1,10.1,TRUE,FALSE
2014-04-30,30,Apr,2014,5.3,4.1,5.8,TRUE,FALSE
2014-05-01,1,May,2014,7.4,4.2,2.8,TRUE,FALSE
2014-05-02,2,May,2014,6.4,4,0.2,TRUE,FALSE
2014-05-03,3,May,2014,8.2,4.7,11.1,TRUE,FALSE
2014-05-04,4,May,2014,4.7,-1.1,1.6,TRUE,FALSE
2014-05-05,5,May,2014,5.6,-2,0.2,TRUE,FALSE
2014-05-06,6,May,2014,4.1,-2.5,0,TRUE,FALSE
2014-05-07,7,May,2014,6.1,-3.9,0,TRUE,FALSE
2014-05-08,8,May,2014,9.2,-1.5,4.5,TRUE,FALSE
2014-05-09,9,May,2014,15.1,5.9,9.9,TRUE,FALSE
2014-05-10,10,May,2014,9.8,3.1,0.6,TRUE,FALSE
2014-05-11,11,May,2014,10,-0.9,0.2,TRUE,FALSE
2014-05-12,12,May,2014,9.9,1.7,3.7,TRUE,FALSE
2014-05-13,13,May,2014,13.1,8.1,6.5,TRUE,FALSE
2014-05-14,14,May,2014,16.5,11.9,0.3,TRUE,FALSE
2014-05-15,15,May,2014,16.3,10.9,2.8,TRUE,FALSE
2014-05-16,16,May,2014,6,-0.6,11.9,TRUE,FALSE
2014-05-17,17,May,2014,5.1,-1.7,0,TRUE,FALSE
2014-05-18,18,May,2014,6,-2.8,0,TRUE,FALSE
2014-05-19,19,May,2014,10.1,-0.4,NA,FALSE,FALSE
2014-05-20,20,May,2014,11.9,1.2,0,TRUE,FALSE
2014-05-21,21,May,2014,14.1,6,0.6,TRUE,FALSE
2014-05-22,22,May,2014,15.1,9.1,0.6,TRUE,FALSE
2014-05-23,23,May,2014,13.6,8.1,5.4,TRUE,FALSE
2014-05-24,24,May,2014,14.4,5.4,0.2,TRUE,FALSE
2014-05-25,25,May,2014,16.2,6.4,0.2,TRUE,FALSE
2014-05-26,26,May,2014,20.1,12.7,0,TRUE,FALSE
2014-05-27,27,May,2014,18,8.3,0,TRUE,FALSE
2014-05-28,28,May,2014,13,8.3,0,TRUE,FALSE
2014-05-29,29,May,2014,12.1,2.6,NA,FALSE,FALSE
2014-05-30,30,May,2014,13.8,5.4,0,TRUE,FALSE
2014-05-31,31,May,2014,13.1,2.3,0,TRUE,FALSE
2015-03-01,1,Mar,2015,-14.4,-25,0,TRUE,FALSE
2015-03-02,2,Mar,2015,-14.1,-23.6,0.2,TRUE,FALSE
2015-03-03,3,Mar,2015,-16.8,-28.3,5,TRUE,FALSE
2015-03-04,4,Mar,2015,-9.2,-15.7,0.6,TRUE,FALSE
2015-03-05,5,Mar,2015,-19.1,-27.8,0.4,TRUE,FALSE
2015-03-06,6,Mar,2015,-18.6,-31.4,0.7,TRUE,FALSE
2015-03-07,7,Mar,2015,-7.8,-12.3,0.6,TRUE,FALSE
2015-03-08,8,Mar,2015,-6.7,-12.2,1.4,TRUE,FALSE
2015-03-09,9,Mar,2015,-3.2,-10.5,0.2,TRUE,FALSE
2015-03-10,10,Mar,2015,2.5,-4.5,0.4,TRUE,FALSE
2015-03-11,11,Mar,2015,2.1,-3.8,1,TRUE,FALSE
2015-03-12,12,Mar,2015,-6.4,-11.2,0.4,TRUE,FALSE
2015-03-13,13,Mar,2015,-3.1,-8.6,3.6,TRUE,FALSE
2015-03-14,14,Mar,2015,0.3,-2.5,3,TRUE,FALSE
2015-03-15,15,Mar,2015,-1.1,-6.4,0.7,TRUE,FALSE
2015-03-16,16,Mar,2015,1.6,-6.3,2.8,TRUE,FALSE
2015-03-17,17,Mar,2015,-4.9,-11.6,1.9,TRUE,FALSE
2015-03-18,18,Mar,2015,-10.9,-19.2,1.3,TRUE,FALSE
2015-03-19,19,Mar,2015,-10.9,-23.3,0.9,TRUE,FALSE
2015-03-20,20,Mar,2015,-1.3,-10,0.6,TRUE,FALSE
2015-03-21,21,Mar,2015,-6,-13.3,5.5,TRUE,FALSE
2015-03-22,22,Mar,2015,-15.5,-22.1,0.4,TRUE,FALSE
2015-03-23,23,Mar,2015,-15.5,-25.4,1.1,TRUE,FALSE
2015-03-24,24,Mar,2015,-9.4,-22.4,0.7,TRUE,FALSE
2015-03-25,25,Mar,2015,-5,-16.8,4.4,TRUE,FALSE
2015-03-26,26,Mar,2015,0.6,-2,2.3,TRUE,FALSE
2015-03-27,27,Mar,2015,-11.1,-20.2,1.9,TRUE,FALSE
2015-03-28,28,Mar,2015,-13.7,-24.5,0.9,TRUE,FALSE
2015-03-29,29,Mar,2015,-8.4,-21.1,1.4,TRUE,FALSE
2015-03-30,30,Mar,2015,0.2,-3.5,4.9,TRUE,FALSE
2015-03-31,31,Mar,2015,-5.5,-12.7,1.5,TRUE,FALSE
2015-04-01,1,Apr,2015,-5.6,-17,0.5,TRUE,FALSE
2015-04-02,2,Apr,2015,7.3,-1.2,5.5,TRUE,FALSE
2015-04-03,3,Apr,2015,4.4,-2.5,1.6,TRUE,FALSE
2015-04-04,4,Apr,2015,-3.3,-7.1,0.2,TRUE,FALSE
2015-04-05,5,Apr,2015,-4.7,-11.2,1.1,TRUE,FALSE
2015-04-06,6,Apr,2015,-4,-8.8,1.3,TRUE,FALSE
2015-04-07,7,Apr,2015,0.3,-6.1,0.9,TRUE,FALSE
2015-04-08,8,Apr,2015,-2,-6.9,1.4,TRUE,FALSE
2015-04-09,9,Apr,2015,1.1,-2.1,8.1,TRUE,FALSE
2015-04-10,10,Apr,2015,4.8,0.2,5.4,TRUE,FALSE
2015-04-11,11,Apr,2015,3.5,-1,0.2,TRUE,FALSE
2015-04-12,12,Apr,2015,5.7,-4.1,1,TRUE,FALSE
2015-04-13,13,Apr,2015,7.8,-4.4,6.8,TRUE,FALSE
2015-04-14,14,Apr,2015,5.9,-2,NA,FALSE,FALSE
2015-04-15,15,Apr,2015,NA,-4.6,NA,FALSE,FALSE
2015-04-16,16,Apr,2015,5.6,-6.3,0,TRUE,FALSE
2015-04-17,17,Apr,2015,8.5,-1.9,0,TRUE,FALSE
2015-04-18,18,Apr,2015,4.5,-3.3,0,TRUE,FALSE
2015-04-19,19,Apr,2015,4.6,-3.7,0,TRUE,FALSE
2015-04-20,20,Apr,2015,7.6,3.9,14.5,TRUE,FALSE
2015-04-21,21,Apr,2015,4.5,1.1,2.9,TRUE,FALSE
2015-04-22,22,Apr,2015,2.8,-2.1,2.5,TRUE,FALSE
2015-04-23,23,Apr,2015,-0.9,-3.5,0.7,TRUE,FALSE
2015-04-24,24,Apr,2015,0.1,-4.2,0.2,TRUE,FALSE
2015-04-25,25,Apr,2015,2.3,-5,0,TRUE,FALSE
2015-04-26,26,Apr,2015,4.9,1.3,0.4,TRUE,FALSE
2015-04-27,27,Apr,2015,5.7,1.2,0.5,TRUE,FALSE
2015-04-28,28,Apr,2015,9.8,0.5,0,TRUE,FALSE
2015-04-29,29,Apr,2015,10.1,-0.7,0,TRUE,FALSE
2015-04-30,30,Apr,2015,9.7,0.4,0,TRUE,FALSE
2015-05-01,1,May,2015,10.9,1.3,0,TRUE,FALSE
2015-05-02,2,May,2015,10.6,-1.2,0,TRUE,FALSE
2015-05-03,3,May,2015,12.3,1.4,NA,FALSE,FALSE
2015-05-04,4,May,2015,14.2,4.7,2.8,TRUE,FALSE
2015-05-05,5,May,2015,10.4,0.9,0,TRUE,FALSE
2015-05-06,6,May,2015,11.3,-1.2,0,TRUE,FALSE
2015-05-07,7,May,2015,13.6,0.7,0,TRUE,FALSE
2015-05-08,8,May,2015,18,6.6,0,TRUE,FALSE
2015-05-09,9,May,2015,20.6,12.9,6.1,TRUE,FALSE
2015-05-10,10,May,2015,12.6,8.3,11,TRUE,FALSE
2015-05-11,11,May,2015,11.2,8,27.1,TRUE,FALSE
2015-05-12,12,May,2015,9.9,4.3,3.2,TRUE,FALSE
2015-05-13,13,May,2015,5.8,-1.9,0,TRUE,FALSE
2015-05-14,14,May,2015,7.6,-3.3,0,TRUE,FALSE
2015-05-15,15,May,2015,10.5,2.8,2.8,TRUE,FALSE
2015-05-16,16,May,2015,12.6,7.8,0,TRUE,FALSE
2015-05-17,17,May,2015,14.8,4,0,TRUE,FALSE
2015-05-18,18,May,2015,19,10.3,3.9,TRUE,FALSE
2015-05-19,19,May,2015,9.2,1.9,3,TRUE,FALSE
2015-05-20,20,May,2015,6.8,-0.4,0.4,TRUE,FALSE
2015-05-21,21,May,2015,11.3,4,0,TRUE,FALSE
2015-05-22,22,May,2015,1.6,-4.1,0,TRUE,FALSE
2015-05-23,23,May,2015,5.8,-5.9,0,TRUE,FALSE
2015-05-24,24,May,2015,16.1,6.5,0,TRUE,FALSE
2015-05-25,25,May,2015,14.7,11.5,26.3,TRUE,FALSE
2015-05-26,26,May,2015,22.1,16.4,0,TRUE,FALSE
2015-05-27,27,May,2015,20.1,15.1,5.2,TRUE,FALSE
2015-05-28,28,May,2015,14.7,8.2,0.7,TRUE,FALSE
2015-05-29,29,May,2015,16,6.1,2.6,TRUE,FALSE
2015-05-30,30,May,2015,14,7.3,3.2,TRUE,FALSE
2015-05-31,31,May,2015,8.5,4.3,0,TRUE,FALSE
2016-03-01,1,Mar,2016,-18.9,-27.4,17.3,TRUE,FALSE
2016-03-02,2,Mar,2016,-17.8,-27.2,7.4,TRUE,FALSE
2016-03-03,3,Mar,2016,-21.7,-35.8,0.4,TRUE,FALSE
2016-03-04,4,Mar,2016,-15,-27.6,0,TRUE,FALSE
2016-03-05,5,Mar,2016,-12.6,-23.8,0,TRUE,FALSE
2016-03-06,6,Mar,2016,-9.4,-20.9,0,TRUE,FALSE
2016-03-07,7,Mar,2016,-0.8,-6.1,0.7,TRUE,FALSE
2016-03-08,8,Mar,2016,1.2,-6.3,0,TRUE,FALSE
2016-03-09,9,Mar,2016,5.1,-0.3,4.7,TRUE,FALSE
2016-03-10,10,Mar,2016,1.8,-0.7,0.4,TRUE,FALSE
2016-03-11,11,Mar,2016,-2.5,-7.5,0.2,TRUE,FALSE
2016-03-12,12,Mar,2016,1.3,-9.1,0,TRUE,FALSE
2016-03-13,13,Mar,2016,2.3,-4.1,0,TRUE,FALSE
2016-03-14,14,Mar,2016,1.9,-0.4,6.7,TRUE,FALSE
2016-03-15,15,Mar,2016,3.9,1.1,0.7,TRUE,FALSE
2016-03-16,16,Mar,2016,2.1,0.4,11,TRUE,FALSE
2016-03-17,17,Mar,2016,2,-1.8,1.3,TRUE,FALSE
2016-03-18,18,Mar,2016,-4.3,-9.3,0.2,TRUE,FALSE
2016-03-19,19,Mar,2016,-7,-13.3,0.3,TRUE,FALSE
2016-03-20,20,Mar,2016,-7.1,-17.2,0,TRUE,FALSE
2016-03-21,21,Mar,2016,-5.8,-11.3,0,TRUE,FALSE
2016-03-22,22,Mar,2016,-6.5,-14.5,2.2,TRUE,FALSE
2016-03-23,23,Mar,2016,-2.3,-5.3,0.2,TRUE,FALSE
2016-03-24,24,Mar,2016,-5.4,-7.3,32.2,TRUE,FALSE
2016-03-25,25,Mar,2016,-3.7,-9.6,0.5,TRUE,FALSE
2016-03-26,26,Mar,2016,-2.2,-14,0.2,TRUE,FALSE
2016-03-27,27,Mar,2016,3.5,-7.3,0,TRUE,FALSE
2016-03-28,28,Mar,2016,-0.3,-4.3,27.3,TRUE,FALSE
2016-03-29,29,Mar,2016,-2.6,-8.6,0.2,TRUE,FALSE
2016-03-30,30,Mar,2016,0.4,-9.2,3.1,TRUE,FALSE
2016-03-31,31,Mar,2016,6.1,0.9,35,TRUE,FALSE
2016-04-01,1,Apr,2016,3.5,-2.2,1.6,TRUE,FALSE
2016-04-02,2,Apr,2016,-3.2,-7.7,0.7,TRUE,FALSE
2016-04-03,3,Apr,2016,-9.9,-13.4,1,TRUE,FALSE
2016-04-04,4,Apr,2016,-9.4,-15.5,0.3,TRUE,FALSE
2016-04-05,5,Apr,2016,-9.9,-19.8,0.2,TRUE,FALSE
2016-04-06,6,Apr,2016,-4.8,-8,23.1,TRUE,FALSE
2016-04-07,7,Apr,2016,-0.8,-4.9,7.5,TRUE,FALSE
2016-04-08,8,Apr,2016,-6.8,-11.2,1.3,TRUE,FALSE
2016-04-09,9,Apr,2016,-10.9,-18.8,0.3,TRUE,FALSE
2016-04-10,10,Apr,2016,-11,-23.1,4,TRUE,FALSE
2016-04-11,11,Apr,2016,1.8,-3.8,4.8,TRUE,FALSE
2016-04-12,12,Apr,2016,NA,-3.5,NA,FALSE,FALSE
2016-04-13,13,Apr,2016,-3.1,-13,0.2,TRUE,FALSE
2016-04-14,14,Apr,2016,0.3,-9.9,0,TRUE,FALSE
2016-04-15,15,Apr,2016,3.9,-7.2,0,TRUE,FALSE
2016-04-16,16,Apr,2016,7.1,-3.9,0,TRUE,FALSE
2016-04-17,17,Apr,2016,8.1,-4.5,0,TRUE,FALSE
2016-04-18,18,Apr,2016,5.8,-2.8,1.1,TRUE,FALSE
2016-04-19,19,Apr,2016,5,-2.7,0,TRUE,FALSE
2016-04-20,20,Apr,2016,6.3,-4.8,0,TRUE,FALSE
2016-04-21,21,Apr,2016,8.8,-2.8,2.2,TRUE,FALSE
2016-04-22,22,Apr,2016,3.6,-1.3,8,TRUE,FALSE
2016-04-23,23,Apr,2016,1.8,-4.4,0.2,TRUE,FALSE
2016-04-24,24,Apr,2016,3.6,-4,0,TRUE,FALSE
2016-04-25,25,Apr,2016,0.5,-3.7,0,TRUE,FALSE
2016-04-26,26,Apr,2016,3.5,-3,0,TRUE,FALSE
2016-04-27,27,Apr,2016,1.2,-5.9,0,TRUE,FALSE
2016-04-28,28,Apr,2016,2.3,-5.8,0,TRUE,FALSE
2016-04-29,29,Apr,2016,3.9,-3.8,0,TRUE,FALSE
2016-04-30,30,Apr,2016,5.6,-4.4,0,TRUE,FALSE
2016-05-01,1,May,2016,4.4,-1.7,0,TRUE,FALSE
2016-05-02,2,May,2016,6.2,-1.8,0,TRUE,FALSE
2016-05-03,3,May,2016,7.4,-2.8,0,TRUE,FALSE
2016-05-04,4,May,2016,7.9,-1.3,0,TRUE,FALSE
2016-05-05,5,May,2016,9.2,0.3,0,TRUE,FALSE
2016-05-06,6,May,2016,10.6,-1.8,0,TRUE,FALSE
2016-05-07,7,May,2016,9.2,-0.3,13.3,TRUE,FALSE
2016-05-08,8,May,2016,3.5,-2.5,0,TRUE,FALSE
2016-05-09,9,May,2016,3.9,-3.4,0,TRUE,FALSE
2016-05-10,10,May,2016,7.7,-3.5,0,TRUE,FALSE
2016-05-11,11,May,2016,10.7,-1.6,0,TRUE,FALSE
2016-05-12,12,May,2016,13.8,1.3,0,TRUE,FALSE
2016-05-13,13,May,2016,11.1,5.1,8.7,TRUE,FALSE
2016-05-14,14,May,2016,6.6,2.5,16.5,TRUE,FALSE
2016-05-15,15,May,2016,1.8,-1,0.8,TRUE,FALSE
2016-05-16,16,May,2016,5.5,-1.6,0,TRUE,FALSE
2016-05-17,17,May,2016,5.5,-2.8,0,TRUE,FALSE
2016-05-18,18,May,2016,7.1,-1.8,0,TRUE,FALSE
2016-05-19,19,May,2016,12.2,5,0,TRUE,FALSE
2016-05-20,20,May,2016,12.8,1.1,0,TRUE,FALSE
2016-05-21,21,May,2016,14.2,4.6,0,TRUE,FALSE
2016-05-22,22,May,2016,13.3,4.9,0,TRUE,FALSE
2016-05-23,23,May,2016,14.3,1.6,0,TRUE,FALSE
2016-05-24,24,May,2016,15.7,2.3,0,TRUE,FALSE
2016-05-25,25,May,2016,17,9.5,0,TRUE,FALSE
2016-05-26,26,May,2016,15.7,8.4,11.4,TRUE,FALSE
2016-05-27,27,May,2016,20.5,12.4,0,TRUE,FALSE
2016-05-28,28,May,2016,21.3,11.6,0,TRUE,FALSE
2016-05-29,29,May,2016,22.8,15.2,1.2,TRUE,FALSE
2016-05-30,30,May,2016,17.6,12.7,0,TRUE,FALSE
2016-05-31,31,May,2016,11.6,5.1,0,TRUE,FALSE
2017-03-01,1,Mar,2017,-4.6,-12.1,24.7,TRUE,FALSE
2017-03-02,2,Mar,2017,-16.5,-24.4,2.2,TRUE,FALSE
2017-03-03,3,Mar,2017,-20.9,-28.8,1.2,TRUE,FALSE
2017-03-04,4,Mar,2017,-22.6,-32.3,0.2,TRUE,FALSE
2017-03-05,5,Mar,2017,-18.8,-33.7,0,TRUE,FALSE
2017-03-06,6,Mar,2017,-3.7,-7.8,2.7,TRUE,FALSE
2017-03-07,7,Mar,2017,4,-0.7,9.6,TRUE,FALSE
2017-03-08,8,Mar,2017,0.3,-5.3,1.1,TRUE,FALSE
2017-03-09,9,Mar,2017,-5.5,-8.4,0.2,TRUE,FALSE
2017-03-10,10,Mar,2017,-15.5,-23.3,0.4,TRUE,FALSE
2017-03-11,11,Mar,2017,-20.9,-27.7,0.2,TRUE,FALSE
2017-03-12,12,Mar,2017,-19.4,-28.4,0,TRUE,FALSE
2017-03-13,13,Mar,2017,-18.2,-27,0,TRUE,FALSE
2017-03-14,14,Mar,2017,-14.1,-20.3,0.7,TRUE,FALSE
2017-03-15,15,Mar,2017,-9.6,-14,2.7,TRUE,FALSE
2017-03-16,16,Mar,2017,-9,-16.3,0,TRUE,FALSE
2017-03-17,17,Mar,2017,-8.4,-21.6,0,TRUE,FALSE
2017-03-18,18,Mar,2017,-5.1,-14.3,0,TRUE,FALSE
2017-03-19,19,Mar,2017,-4,-15.1,0,TRUE,FALSE
2017-03-20,20,Mar,2017,-0.6,-9.2,0,TRUE,FALSE
2017-03-21,21,Mar,2017,-1.7,-11.7,0.5,TRUE,FALSE
2017-03-22,22,Mar,2017,-12.3,-18.3,0.4,TRUE,FALSE
2017-03-23,23,Mar,2017,-9.1,-21.2,0,TRUE,FALSE
2017-03-24,24,Mar,2017,-1.2,-3.8,19.7,TRUE,FALSE
2017-03-25,25,Mar,2017,-5.3,-11.1,0.4,TRUE,FALSE
2017-03-26,26,Mar,2017,-6.5,-11.2,0.4,TRUE,FALSE
2017-03-27,27,Mar,2017,3,-1.7,6.6,TRUE,FALSE
2017-03-28,28,Mar,2017,1.2,-4.2,0.5,TRUE,FALSE
2017-03-29,29,Mar,2017,-1.1,-6.8,0.2,TRUE,FALSE
2017-03-30,30,Mar,2017,-1.5,-8.5,0,TRUE,FALSE
2017-03-31,31,Mar,2017,-0.2,-1.4,3.1,TRUE,FALSE
2017-04-01,1,Apr,2017,2.3,-4.9,0.2,TRUE,FALSE
2017-04-02,2,Apr,2017,2.5,-5.7,0,TRUE,FALSE
2017-04-03,3,Apr,2017,4.2,-4.3,3.1,TRUE,FALSE
2017-04-04,4,Apr,2017,1.6,0.3,17.3,TRUE,FALSE
2017-04-05,5,Apr,2017,3.3,0.6,0.6,TRUE,FALSE
2017-04-06,6,Apr,2017,1.2,-0.4,30.6,TRUE,FALSE
2017-04-07,7,Apr,2017,-2.1,-4.4,12.6,TRUE,FALSE
2017-04-08,8,Apr,2017,-0.4,-8.5,0.2,TRUE,FALSE
2017-04-09,9,Apr,2017,4.4,-7.1,0,TRUE,FALSE
2017-04-10,10,Apr,2017,10.7,1,4.7,TRUE,FALSE
2017-04-11,11,Apr,2017,4.3,0.4,18.9,TRUE,FALSE
2017-04-12,12,Apr,2017,2.3,-0.1,0.2,TRUE,FALSE
2017-04-13,13,Apr,2017,3.3,-4.4,0.2,TRUE,FALSE
2017-04-14,14,Apr,2017,3.9,-6.6,0,TRUE,FALSE
2017-04-15,15,Apr,2017,3.7,-5.1,6.7,TRUE,FALSE
2017-04-16,16,Apr,2017,7.2,2.9,22.6,TRUE,FALSE
2017-04-17,17,Apr,2017,-0.4,-5.4,0.2,TRUE,FALSE
2017-04-18,18,Apr,2017,1.4,-7.8,0.2,TRUE,FALSE
2017-04-19,19,Apr,2017,6.9,1.8,0.5,TRUE,FALSE
2017-04-20,20,Apr,2017,4,1.2,6.1,TRUE,FALSE
2017-04-21,21,Apr,2017,5,2.5,2.1,TRUE,FALSE
2017-04-22,22,Apr,2017,4.5,-2.3,0.4,TRUE,FALSE
2017-04-23,23,Apr,2017,6.7,-3.9,0.2,TRUE,FALSE
2017-04-24,24,Apr,2017,4.1,-3,0,TRUE,FALSE
2017-04-25,25,Apr,2017,7.5,-1,4.6,TRUE,FALSE
2017-04-26,26,Apr,2017,11.6,5.3,0,TRUE,FALSE
2017-04-27,27,Apr,2017,16.4,4.9,13.4,TRUE,FALSE
2017-04-28,28,Apr,2017,10.5,4.6,0,TRUE,FALSE
2017-04-29,29,Apr,2017,5.6,-0.2,0.2,TRUE,FALSE
2017-04-30,30,Apr,2017,0.6,-0.2,25.9,TRUE,FALSE
2017-05-01,1,May,2017,7.3,1.3,34,TRUE,FALSE
2017-05-02,2,May,2017,6.4,1.6,3.3,TRUE,FALSE
2017-05-03,3,May,2017,NA,0.4,NA,FALSE,FALSE
2017-05-04,4,May,2017,5.4,-2.6,2,TRUE,FALSE
2017-05-05,5,May,2017,4.6,3.5,31.6,TRUE,FALSE
2017-05-06,6,May,2017,3.4,1,10.6,TRUE,FALSE
2017-05-07,7,May,2017,0.7,-0.6,6.1,TRUE,FALSE
2017-05-08,8,May,2017,0.9,-1.5,2.1,TRUE,FALSE
2017-05-09,9,May,2017,1.8,-1.9,0.6,TRUE,FALSE
2017-05-10,10,May,2017,5.4,-3,0,TRUE,FALSE
2017-05-11,11,May,2017,5.9,-1.7,0,TRUE,FALSE
2017-05-12,12,May,2017,10.2,4.8,0,TRUE,FALSE
2017-05-13,13,May,2017,8.9,5.9,3.3,TRUE,FALSE
2017-05-14,14,May,2017,10.2,6.4,5.9,TRUE,FALSE
2017-05-15,15,May,2017,10.9,4.1,0,TRUE,FALSE
2017-05-16,16,May,2017,11.7,3.4,0,TRUE,FALSE
2017-05-17,17,May,2017,18.2,7.2,0,TRUE,FALSE
2017-05-18,18,May,2017,17.7,6.3,4.9,TRUE,FALSE
2017-05-19,19,May,2017,8.5,3.2,0.3,TRUE,FALSE
2017-05-20,20,May,2017,8,-0.9,0,TRUE,FALSE
2017-05-21,21,May,2017,9.8,7.8,19.5,TRUE,FALSE
2017-05-22,22,May,2017,11.1,5,0,TRUE,FALSE
2017-05-23,23,May,2017,11.7,2.2,0,TRUE,FALSE
2017-05-24,24,May,2017,13.1,6.1,0.4,TRUE,FALSE
2017-05-25,25,May,2017,12.8,11.1,5.7,TRUE,FALSE
2017-05-26,26,May,2017,13.7,10.8,0.7,TRUE,FALSE
2017-05-27,27,May,2017,14.8,8,0,TRUE,FALSE
2017-05-28,28,May,2017,14.3,6,0,TRUE,FALSE
2017-05-29,29,May,2017,15.7,9.1,23.2,TRUE,FALSE
2017-05-30,30,May,2017,14,6.6,0.4,TRUE,FALSE
2017-05-31,31,May,2017,13,6.9,0.5,TRUE,FALSE
2018-03-01,1,Mar,2018,-0.5,-5,0,TRUE,FALSE
2018-03-02,2,Mar,2018,NA,-3.8,NA,FALSE,FALSE
2018-03-03,3,Mar,2018,-2.6,-6.6,0,TRUE,FALSE
2018-03-04,4,Mar,2018,-5.5,-10.1,0,TRUE,FALSE
2018-03-05,5,Mar,2018,-5.2,-9,0,TRUE,FALSE
2018-03-06,6,Mar,2018,-3.3,-5.9,1.1,TRUE,FALSE
2018-03-07,7,Mar,2018,-2.1,-3.9,2.7,TRUE,FALSE
2018-03-08,8,Mar,2018,-2.1,-4.5,3.9,TRUE,FALSE
2018-03-09,9,Mar,2018,-2.1,-3.7,5.8,TRUE,FALSE
2018-03-10,10,Mar,2018,-4.1,-6,0.5,TRUE,FALSE
2018-03-11,11,Mar,2018,-7.4,-14.1,0,TRUE,FALSE
2018-03-12,12,Mar,2018,-8.3,-15.5,0.5,TRUE,FALSE
2018-03-13,13,Mar,2018,-3.9,-7.6,5.2,TRUE,FALSE
2018-03-14,14,Mar,2018,-4,-5.8,2.9,TRUE,FALSE
2018-03-15,15,Mar,2018,-6.4,-13.1,0.2,TRUE,FALSE
2018-03-16,16,Mar,2018,-9.1,-14.5,0.2,TRUE,FALSE
2018-03-17,17,Mar,2018,-11.7,-16.9,0,TRUE,FALSE
2018-03-18,18,Mar,2018,-10.4,-21.1,0,TRUE,FALSE
2018-03-19,19,Mar,2018,-12.1,-22.5,0,TRUE,FALSE
2018-03-20,20,Mar,2018,-11.1,-21.5,0,TRUE,FALSE
2018-03-21,21,Mar,2018,-6.5,-15.2,0,TRUE,FALSE
2018-03-22,22,Mar,2018,-3.8,-10.9,0,TRUE,FALSE
2018-03-23,23,Mar,2018,-3.3,-9.7,0.2,TRUE,FALSE
2018-03-24,24,Mar,2018,-8.2,-13.5,0.2,TRUE,FALSE
2018-03-25,25,Mar,2018,-6.6,-16.5,0.2,TRUE,FALSE
2018-03-26,26,Mar,2018,-3.2,-14.7,0,TRUE,FALSE
2018-03-27,27,Mar,2018,-1,-4.6,2.1,TRUE,FALSE
2018-03-28,28,Mar,2018,1.8,-4.5,0,TRUE,FALSE
2018-03-29,29,Mar,2018,0.6,-5.4,4.7,TRUE,FALSE
2018-03-30,30,Mar,2018,-0.7,-4.7,0,TRUE,FALSE
2018-03-31,31,Mar,2018,-1.3,-8.2,5.1,TRUE,FALSE
2018-04-01,1,Apr,2018,-5.7,-10.8,0.8,TRUE,FALSE
2018-04-02,2,Apr,2018,-3,-8.3,0.2,TRUE,FALSE
2018-04-03,3,Apr,2018,0.2,-3.6,13.2,TRUE,FALSE
2018-04-04,4,Apr,2018,-7.3,-14.9,13.7,TRUE,FALSE
2018-04-05,5,Apr,2018,-13,-22.8,0.4,TRUE,FALSE
2018-04-06,6,Apr,2018,-6.9,-16.3,7.2,TRUE,FALSE
2018-04-07,7,Apr,2018,-5.7,-9.2,0.7,TRUE,FALSE
2018-04-08,8,Apr,2018,-6.9,-11.9,0.2,TRUE,FALSE
2018-04-09,9,Apr,2018,-5.2,-12.4,0,TRUE,FALSE
2018-04-10,10,Apr,2018,-3.5,-10.4,0,TRUE,FALSE
2018-04-11,11,Apr,2018,-4.6,-11.8,0.8,TRUE,FALSE
2018-04-12,12,Apr,2018,-2.5,-6.7,12.1,TRUE,FALSE
2018-04-13,13,Apr,2018,2.3,-0.5,0.8,TRUE,FALSE
2018-04-14,14,Apr,2018,-3.5,-6.8,0.2,TRUE,FALSE
2018-04-15,15,Apr,2018,-5.5,-7.6,15.5,TRUE,FALSE
2018-04-16,16,Apr,2018,-1.2,-3.7,13.6,TRUE,FALSE
2018-04-17,17,Apr,2018,-1.2,-2.4,2.9,TRUE,FALSE
2018-04-18,18,Apr,2018,0.3,-2.3,1.3,TRUE,FALSE
2018-04-19,19,Apr,2018,-2.6,-4.8,0.4,TRUE,FALSE
2018-04-20,20,Apr,2018,0.9,-6,0.3,TRUE,FALSE
2018-04-21,21,Apr,2018,1.1,-9.4,0,TRUE,FALSE
2018-04-22,22,Apr,2018,3.5,-8,0.2,TRUE,FALSE
2018-04-23,23,Apr,2018,4.7,-8,0.5,TRUE,FALSE
2018-04-24,24,Apr,2018,6.5,-3.1,0,TRUE,FALSE
2018-04-25,25,Apr,2018,5.2,1.8,19,TRUE,FALSE
2018-04-26,26,Apr,2018,4.6,-3.1,0.6,TRUE,FALSE
2018-04-27,27,Apr,2018,4.8,-4.7,0.2,TRUE,FALSE
2018-04-28,28,Apr,2018,1.8,-0.5,0.5,TRUE,FALSE
2018-04-29,29,Apr,2018,3,-2.9,0.2,TRUE,FALSE
2018-04-30,30,Apr,2018,6.6,-4.6,0,TRUE,FALSE
2018-05-01,1,May,2018,10.6,-2.8,0,TRUE,FALSE
2018-05-02,2,May,2018,11.9,2.9,0,TRUE,FALSE
2018-05-03,3,May,2018,8.7,3.2,0,TRUE,FALSE
2018-05-04,4,May,2018,9.5,3.7,19,TRUE,FALSE
2018-05-05,5,May,2018,11.1,1.2,0,TRUE,FALSE
2018-05-06,6,May,2018,6.1,-1.6,0,TRUE,FALSE
2018-05-07,7,May,2018,6.6,-2.9,0,TRUE,FALSE
2018-05-08,8,May,2018,10.3,-2.6,0,TRUE,FALSE
2018-05-09,9,May,2018,13.4,0.5,0,TRUE,FALSE
2018-05-10,10,May,2018,8.5,-2.3,4.5,TRUE,FALSE
2018-05-11,11,May,2018,3.8,-3.9,0.2,TRUE,FALSE
2018-05-12,12,May,2018,6.8,-4,0,TRUE,FALSE
2018-05-13,13,May,2018,9.8,-2.2,0,TRUE,FALSE
2018-05-14,14,May,2018,12,-0.8,0,TRUE,FALSE
2018-05-15,15,May,2018,9.3,0.3,0.8,TRUE,FALSE
2018-05-16,16,May,2018,10.8,-2.1,0.2,TRUE,FALSE
2018-05-17,17,May,2018,8.4,0,0,TRUE,FALSE
2018-05-18,18,May,2018,7.7,-2.4,0.2,TRUE,FALSE
2018-05-19,19,May,2018,7.8,1.2,25.6,TRUE,FALSE
2018-05-20,20,May,2018,8.9,1.3,0.2,TRUE,FALSE
2018-05-21,21,May,2018,12.1,-0.6,0.3,TRUE,FALSE
2018-05-22,22,May,2018,13.2,7.1,0,TRUE,FALSE
2018-05-23,23,May,2018,13,3.4,0.4,TRUE,FALSE
2018-05-24,24,May,2018,14.4,0.6,0.2,TRUE,FALSE
2018-05-25,25,May,2018,17.7,12.2,0.2,TRUE,FALSE
2018-05-26,26,May,2018,18.6,14.2,4,TRUE,FALSE
2018-05-27,27,May,2018,20.8,13.3,0.2,TRUE,FALSE
2018-05-28,28,May,2018,23.8,17.4,0,TRUE,FALSE
2018-05-29,29,May,2018,17.1,8.3,0.2,TRUE,FALSE
2018-05-30,30,May,2018,17.9,5.8,0.2,TRUE,FALSE
2018-05-31,31,May,2018,NA,18.8,NA,FALSE,FALSE
2019-03-01,1,Mar,2019,-13.3,-26.6,0,TRUE,FALSE
2019-03-02,2,Mar,2019,-9.5,-16.4,2.6,TRUE,FALSE
2019-03-03,3,Mar,2019,-10.2,-16.7,0.7,TRUE,FALSE
2019-03-04,4,Mar,2019,-18.4,-27.8,0.2,TRUE,FALSE
2019-03-05,5,Mar,2019,-19,-28.5,1.2,TRUE,FALSE
2019-03-06,6,Mar,2019,-21.4,-32.6,0.2,TRUE,FALSE
2019-03-07,7,Mar,2019,-19.8,-31.4,0,TRUE,FALSE
2019-03-08,8,Mar,2019,-9.9,-19.3,0,TRUE,FALSE
2019-03-09,9,Mar,2019,-10.2,-22.9,0,TRUE,FALSE
2019-03-10,10,Mar,2019,-1.2,-4.6,9.3,TRUE,FALSE
2019-03-11,11,Mar,2019,-2.4,-5,2.6,TRUE,FALSE
2019-03-12,12,Mar,2019,-7.2,-15.3,0.2,TRUE,FALSE
2019-03-13,13,Mar,2019,-5.3,-12.6,0.8,TRUE,FALSE
2019-03-14,14,Mar,2019,4.5,-1.3,9.5,TRUE,FALSE
2019-03-15,15,Mar,2019,1.8,-3.1,4.1,TRUE,FALSE
2019-03-16,16,Mar,2019,-6,-9,1.5,TRUE,FALSE
2019-03-17,17,Mar,2019,-9.7,-16.9,0,TRUE,FALSE
2019-03-18,18,Mar,2019,-11.4,-22.4,0.2,TRUE,FALSE
2019-03-19,19,Mar,2019,-8.6,-19.2,0,TRUE,FALSE
2019-03-20,20,Mar,2019,-2.1,-11.5,0,TRUE,FALSE
2019-03-21,21,Mar,2019,1.4,-1.3,0.5,TRUE,FALSE
2019-03-22,22,Mar,2019,-3.9,-10,0.9,TRUE,FALSE
2019-03-23,23,Mar,2019,-5.9,-14,0,TRUE,FALSE
2019-03-24,24,Mar,2019,-8.4,-18.9,1.3,TRUE,FALSE
2019-03-25,25,Mar,2019,-12.2,-24.6,0.2,TRUE,FALSE
2019-03-26,26,Mar,2019,-9.3,-20.7,0,TRUE,FALSE
2019-03-27,27,Mar,2019,-4.7,-16.2,0,TRUE,FALSE
2019-03-28,28,Mar,2019,4,0.2,0,TRUE,FALSE
2019-03-29,29,Mar,2019,0.3,-4.2,0,TRUE,FALSE
2019-03-30,30,Mar,2019,-2,-4.6,20.1,TRUE,FALSE
2019-03-31,31,Mar,2019,-6.9,-12.9,4.8,TRUE,FALSE
2019-04-01,1,Apr,2019,-9.3,-19.4,0.2,TRUE,FALSE
2019-04-02,2,Apr,2019,-1.8,-9.3,0,TRUE,FALSE
2019-04-03,3,Apr,2019,-0.9,-5.8,0.7,TRUE,FALSE
2019-04-04,4,Apr,2019,-5.1,-12.6,0.2,TRUE,FALSE
2019-04-05,5,Apr,2019,-5.7,-15.8,0,TRUE,FALSE
2019-04-06,6,Apr,2019,4.1,-1.5,0,TRUE,FALSE
2019-04-07,7,Apr,2019,2.5,-0.3,0.7,TRUE,FALSE
2019-04-08,8,Apr,2019,3.4,0.3,9.1,TRUE,FALSE
2019-04-09,9,Apr,2019,-0.6,-2.8,10.8,TRUE,FALSE
2019-04-10,10,Apr,2019,-3.1,-7.4,0,TRUE,FALSE
2019-04-11,11,Apr,2019,-2.7,-9.8,0,TRUE,FALSE
2019-04-12,12,Apr,2019,5.7,-0.2,2,TRUE,FALSE
2019-04-13,13,Apr,2019,1.7,-4.3,0.2,TRUE,FALSE
2019-04-14,14,Apr,2019,-1,-5,10.4,TRUE,FALSE
2019-04-15,15,Apr,2019,-0.3,-4.1,11.7,TRUE,FALSE
2019-04-16,16,Apr,2019,1.3,-7.7,0.2,TRUE,FALSE
2019-04-17,17,Apr,2019,2.8,-7.6,1,TRUE,FALSE
2019-04-18,18,Apr,2019,6.8,2.1,27.1,TRUE,FALSE
2019-04-19,19,Apr,2019,4.1,1.7,18.2,TRUE,FALSE
2019-04-20,20,Apr,2019,4.2,1.5,7.4,TRUE,FALSE
2019-04-21,21,Apr,2019,5.7,-1.4,0.2,TRUE,FALSE
2019-04-22,22,Apr,2019,6.2,-1.4,0,TRUE,FALSE
2019-04-23,23,Apr,2019,7.6,-0.6,3.4,TRUE,FALSE
2019-04-24,24,Apr,2019,1.2,-1.9,0,TRUE,FALSE
2019-04-25,25,Apr,2019,6.6,-3.1,0.3,TRUE,FALSE
2019-04-26,26,Apr,2019,4.6,1.7,23.3,TRUE,FALSE
2019-04-27,27,Apr,2019,0.3,-2,2.1,TRUE,FALSE
2019-04-28,28,Apr,2019,1.3,-4.6,0,TRUE,FALSE
2019-04-29,29,Apr,2019,0.3,-7,0.2,TRUE,FALSE
2019-04-30,30,Apr,2019,5.6,0.1,0,TRUE,FALSE
2019-05-01,1,May,2019,1.7,0,17.6,TRUE,FALSE
2019-05-02,2,May,2019,3,0.3,0.6,TRUE,FALSE
2019-05-03,3,May,2019,6,2.4,10.6,TRUE,FALSE
2019-05-04,4,May,2019,6.9,-1.4,0,TRUE,FALSE
2019-05-05,5,May,2019,8.8,-2.6,0,TRUE,FALSE
2019-05-06,6,May,2019,9.7,-1.7,0.6,TRUE,FALSE
2019-05-07,7,May,2019,4.1,-2.3,0,TRUE,FALSE
2019-05-08,8,May,2019,4.3,-4.2,0.2,TRUE,FALSE
2019-05-09,9,May,2019,8.3,3.1,11.7,TRUE,FALSE
2019-05-10,10,May,2019,7.4,0.2,4.4,TRUE,FALSE
2019-05-11,11,May,2019,5.7,-0.8,0.3,TRUE,FALSE
2019-05-12,12,May,2019,7.4,1.9,0,TRUE,FALSE
2019-05-13,13,May,2019,5.6,3.7,8.3,TRUE,FALSE
2019-05-14,14,May,2019,6.6,0.3,3.1,TRUE,FALSE
2019-05-15,15,May,2019,8.4,-0.8,0.5,TRUE,FALSE
2019-05-16,16,May,2019,7.1,-2.4,4.3,TRUE,FALSE
2019-05-17,17,May,2019,6.7,-0.2,0,TRUE,FALSE
2019-05-18,18,May,2019,4.9,-2.3,0.2,TRUE,FALSE
2019-05-19,19,May,2019,11.4,7,9.4,TRUE,FALSE
2019-05-20,20,May,2019,10,5.4,0.2,TRUE,FALSE
2019-05-21,21,May,2019,9.4,1.3,0.2,TRUE,FALSE
2019-05-22,22,May,2019,NA,NA,NA,FALSE,TRUE
2019-05-23,23,May,2019,11.4,6.4,NA,FALSE,FALSE
2019-05-24,24,May,2019,13.2,8.3,NA,FALSE,FALSE
2019-05-25,25,May,2019,10.8,6.3,NA,FALSE,FALSE
2019-05-26,26,May,2019,13.6,6.3,NA,FALSE,FALSE
2019-05-27,27,May,2019,11.1,5.6,NA,FALSE,FALSE
2019-05-28,28,May,2019,10.3,6.2,NA,FALSE,FALSE
2019-05-29,29,May,2019,12.9,6.1,NA,FALSE,FALSE
2019-05-30,30,May,2019,13.2,4.9,NA,FALSE,FALSE
2019-05-31,31,May,2019,7.7,0.9,NA,FALSE,FALSE
2020-03-01,1,Mar,2020,-14.1,-29.8,NA,FALSE,FALSE
2020-03-02,2,Mar,2020,0.5,-6.9,NA,FALSE,FALSE
2020-03-03,3,Mar,2020,-4,-12.9,NA,FALSE,FALSE
2020-03-04,4,Mar,2020,-0.4,-2.5,NA,FALSE,FALSE
2020-03-05,5,Mar,2020,-0.2,-2.7,NA,FALSE,FALSE
2020-03-06,6,Mar,2020,-6.9,-12.4,NA,FALSE,FALSE
2020-03-07,7,Mar,2020,-9.1,-21.5,NA,FALSE,FALSE
2020-03-08,8,Mar,2020,-0.7,-11.5,NA,FALSE,FALSE
2020-03-09,9,Mar,2020,5.1,-2.6,NA,FALSE,FALSE
2020-03-10,10,Mar,2020,-1.7,-10.3,NA,FALSE,FALSE
2020-03-11,11,Mar,2020,-6.5,-12.7,NA,FALSE,FALSE
2020-03-12,12,Mar,2020,1.3,-5.3,NA,FALSE,FALSE
2020-03-13,13,Mar,2020,1.5,-1.9,NA,FALSE,FALSE
2020-03-14,14,Mar,2020,-1.5,-6.4,NA,FALSE,FALSE
2020-03-15,15,Mar,2020,-8.5,-15.5,NA,FALSE,FALSE
2020-03-16,16,Mar,2020,-7.3,-16.9,NA,FALSE,FALSE
2020-03-17,17,Mar,2020,-1.3,-6.5,NA,FALSE,FALSE
2020-03-18,18,Mar,2020,-4.9,-12.3,NA,FALSE,FALSE
2020-03-19,19,Mar,2020,-1.6,-7.3,NA,FALSE,FALSE
2020-03-20,20,Mar,2020,-1.7,-11.9,NA,FALSE,FALSE
2020-03-21,21,Mar,2020,-9.9,-16.3,NA,FALSE,FALSE
2020-03-22,22,Mar,2020,-10.3,-20.6,NA,FALSE,FALSE
2020-03-23,23,Mar,2020,-2.1,-5.9,NA,FALSE,FALSE
2020-03-24,24,Mar,2020,0.3,-5.4,NA,FALSE,FALSE
2020-03-25,25,Mar,2020,-0.3,-7.8,NA,FALSE,FALSE
2020-03-26,26,Mar,2020,3.6,-1,NA,FALSE,FALSE
2020-03-27,27,Mar,2020,0.3,-7.1,NA,FALSE,FALSE
2020-03-28,28,Mar,2020,-0.5,-7.9,NA,FALSE,FALSE
2020-03-29,29,Mar,2020,3.6,1.6,NA,FALSE,FALSE
2020-03-30,30,Mar,2020,4.3,1,NA,FALSE,FALSE
2020-03-31,31,Mar,2020,-0.3,-5.4,NA,FALSE,FALSE
2020-04-01,1,Apr,2020,-0.4,-8.3,NA,FALSE,FALSE
2020-04-02,2,Apr,2020,2.5,-5.5,NA,FALSE,FALSE
2020-04-03,3,Apr,2020,3.6,0.9,NA,FALSE,FALSE
2020-04-04,4,Apr,2020,5.9,0.5,NA,FALSE,FALSE
2020-04-05,5,Apr,2020,1.5,-5.4,NA,FALSE,FALSE
2020-04-06,6,Apr,2020,1.6,-7.9,NA,FALSE,FALSE
2020-04-07,7,Apr,2020,2.9,-6.5,NA,FALSE,FALSE
2020-04-08,8,Apr,2020,3.1,0.3,NA,FALSE,FALSE
2020-04-09,9,Apr,2020,1.4,-1,NA,FALSE,FALSE
2020-04-10,10,Apr,2020,0,-4.3,NA,FALSE,FALSE
2020-04-11,11,Apr,2020,-0.5,-7.5,NA,FALSE,FALSE
2020-04-12,12,Apr,2020,2.2,-5.6,NA,FALSE,FALSE
2020-04-13,13,Apr,2020,5.3,-1.1,NA,FALSE,FALSE
2020-04-14,14,Apr,2020,-0.3,-4.4,NA,FALSE,FALSE
2020-04-15,15,Apr,2020,-3.7,-9.1,NA,FALSE,FALSE
2020-04-16,16,Apr,2020,-3.9,-10.9,NA,FALSE,FALSE
2020-04-17,17,Apr,2020,-0.8,-6.2,NA,FALSE,FALSE
2020-04-18,18,Apr,2020,0.2,-8.2,NA,FALSE,FALSE
2020-04-19,19,Apr,2020,-0.3,-7.2,NA,FALSE,FALSE
2020-04-20,20,Apr,2020,-1.3,-9.6,NA,FALSE,FALSE
2020-04-21,21,Apr,2020,-2.3,-6.1,NA,FALSE,FALSE
2020-04-22,22,Apr,2020,-4.7,-10,NA,FALSE,FALSE
2020-04-23,23,Apr,2020,-2.5,-12.9,NA,FALSE,FALSE
2020-04-24,24,Apr,2020,2.3,-5.2,NA,FALSE,FALSE
2020-04-25,25,Apr,2020,3.3,-7.2,NA,FALSE,FALSE
2020-04-26,26,Apr,2020,5.7,-1.6,NA,FALSE,FALSE
2020-04-27,27,Apr,2020,5.5,-2.8,NA,FALSE,FALSE
2020-04-28,28,Apr,2020,2.6,-3.9,NA,FALSE,FALSE
2020-04-29,29,Apr,2020,4.4,-1.6,NA,FALSE,FALSE
2020-04-30,30,Apr,2020,7.7,4.4,NA,FALSE,FALSE
2020-05-01,1,May,2020,6.8,-0.9,NA,FALSE,FALSE
2020-05-02,2,May,2020,7.9,-1.8,NA,FALSE,FALSE
2020-05-03,3,May,2020,9.1,0.4,NA,FALSE,FALSE
2020-05-04,4,May,2020,1.4,-2.6,NA,FALSE,FALSE
2020-05-05,5,May,2020,3.2,-3.9,NA,FALSE,FALSE
2020-05-06,6,May,2020,4.6,-4.7,NA,FALSE,FALSE
2020-05-07,7,May,2020,2.4,-3.1,NA,FALSE,FALSE
2020-05-08,8,May,2020,-2.8,-6,NA,FALSE,FALSE
2020-05-09,9,May,2020,-1.9,-6.3,NA,FALSE,FALSE
2020-05-10,10,May,2020,3.3,-3.1,NA,FALSE,FALSE
2020-05-11,11,May,2020,1,-5.5,NA,FALSE,FALSE
2020-05-12,12,May,2020,-0.9,-7.8,NA,FALSE,FALSE
2020-05-13,13,May,2020,4,-6,NA,FALSE,FALSE
2020-05-14,14,May,2020,5,-5.3,NA,FALSE,FALSE
2020-05-15,15,May,2020,10.1,6.8,NA,FALSE,FALSE
2020-05-16,16,May,2020,10,3.3,NA,FALSE,FALSE
2020-05-17,17,May,2020,9.8,1.2,NA,FALSE,FALSE
2020-05-18,18,May,2020,13.9,8.9,NA,FALSE,FALSE
2020-05-19,19,May,2020,9.8,1.6,NA,FALSE,FALSE
2020-05-20,20,May,2020,11.2,-0.7,NA,FALSE,FALSE
2020-05-21,21,May,2020,13.2,-0.6,NA,FALSE,FALSE
2020-05-22,22,May,2020,15.2,1.4,NA,FALSE,FALSE
2020-05-23,23,May,2020,18.2,7.5,NA,FALSE,FALSE
2020-05-24,24,May,2020,16.7,7.6,NA,FALSE,FALSE
2020-05-25,25,May,2020,21.1,13.9,NA,FALSE,FALSE
2020-05-26,26,May,2020,22.2,12.5,NA,FALSE,FALSE
2020-05-27,27,May,2020,23.8,14.9,NA,FALSE,FALSE
2020-05-28,28,May,2020,20.1,13.2,NA,FALSE,FALSE
2020-05-29,29,May,2020,17.3,10.4,NA,FALSE,FALSE
2020-05-30,30,May,2020,8.1,2.8,NA,FALSE,FALSE
2020-05-31,31,May,2020,6.1,0.8,NA,FALSE,FALSE
2021-03-01,1,Mar,2021,-7.9,-19.2,0.4,TRUE,FALSE
2021-03-02,2,Mar,2021,-14.5,-23.5,0.9,TRUE,FALSE
2021-03-03,3,Mar,2021,-3.8,-7.9,0,TRUE,FALSE
2021-03-04,4,Mar,2021,-11.9,-16,0,TRUE,FALSE
2021-03-05,5,Mar,2021,-11.5,-18.7,0,TRUE,FALSE
2021-03-06,6,Mar,2021,-12.9,-18.9,0,TRUE,FALSE
2021-03-07,7,Mar,2021,-15.5,-25.8,0,TRUE,FALSE
2021-03-08,8,Mar,2021,-12.2,-26.8,0,TRUE,FALSE
2021-03-09,9,Mar,2021,-0.5,-9.8,0,TRUE,FALSE
2021-03-10,10,Mar,2021,3,-8.8,0,TRUE,FALSE
2021-03-11,11,Mar,2021,8.4,0.4,0.4,TRUE,FALSE
2021-03-12,12,Mar,2021,-3.4,-10.4,0,TRUE,FALSE
2021-03-13,13,Mar,2021,-7,-13.5,0,TRUE,FALSE
2021-03-14,14,Mar,2021,-7.4,-13.5,0.1,TRUE,FALSE
2021-03-15,15,Mar,2021,-10.1,-16.5,0,TRUE,FALSE
2021-03-16,16,Mar,2021,-5.1,-15.7,0,TRUE,FALSE
2021-03-17,17,Mar,2021,-2.4,-10.1,0.1,TRUE,FALSE
2021-03-18,18,Mar,2021,-2.8,-8.4,0,TRUE,FALSE
2021-03-19,19,Mar,2021,-4.5,-13.6,0,TRUE,FALSE
2021-03-20,20,Mar,2021,2.1,-7.2,0,TRUE,FALSE
2021-03-21,21,Mar,2021,2.5,-9.3,0,TRUE,FALSE
2021-03-22,22,Mar,2021,4.2,-7.9,0,TRUE,FALSE
2021-03-23,23,Mar,2021,7.5,-3.1,0,TRUE,FALSE
2021-03-24,24,Mar,2021,5.7,-1.3,0,TRUE,FALSE
2021-03-25,25,Mar,2021,5.3,0,0.3,TRUE,FALSE
2021-03-26,26,Mar,2021,0.9,-2.6,25.8,TRUE,FALSE
2021-03-27,27,Mar,2021,0.6,-2.5,0,TRUE,FALSE
2021-03-28,28,Mar,2021,2,-2.4,12.1,TRUE,FALSE
2021-03-29,29,Mar,2021,-3,-7.4,0.1,TRUE,FALSE
2021-03-30,30,Mar,2021,5.5,-4.7,0,TRUE,FALSE
2021-03-31,31,Mar,2021,3.2,-1.5,2.3,TRUE,FALSE
2021-04-01,1,Apr,2021,-3.9,-6.8,0,TRUE,FALSE
2021-04-02,2,Apr,2021,-4.2,-9.9,0,TRUE,FALSE
2021-04-03,3,Apr,2021,-1.9,-11.7,0,TRUE,FALSE
2021-04-04,4,Apr,2021,5,-3.7,0,TRUE,FALSE
2021-04-05,5,Apr,2021,4,-5.6,0,TRUE,FALSE
2021-04-06,6,Apr,2021,4.4,-6.8,4.6,TRUE,FALSE
2021-04-07,7,Apr,2021,9.8,0,0,TRUE,FALSE
2021-04-08,8,Apr,2021,10.7,-1.8,0,TRUE,FALSE
2021-04-09,9,Apr,2021,9.4,2,0,TRUE,FALSE
2021-04-10,10,Apr,2021,12.9,1.2,0,TRUE,FALSE
2021-04-11,11,Apr,2021,12.5,5.8,2.2,TRUE,FALSE
2021-04-12,12,Apr,2021,7.5,5.4,4.4,TRUE,FALSE
2021-04-13,13,Apr,2021,8.4,4.1,0.6,TRUE,FALSE
2021-04-14,14,Apr,2021,9.6,3,2.1,TRUE,FALSE
2021-04-15,15,Apr,2021,3.1,-0.5,8.4,TRUE,FALSE
2021-04-16,16,Apr,2021,5.8,3.6,1.3,TRUE,FALSE
2021-04-17,17,Apr,2021,4.7,-0.9,0,TRUE,FALSE
2021-04-18,18,Apr,2021,5,-2.7,1.3,TRUE,FALSE
2021-04-19,19,Apr,2021,5.6,-4.1,6.1,TRUE,FALSE
2021-04-20,20,Apr,2021,-0.8,-3.4,0,TRUE,FALSE
2021-04-21,21,Apr,2021,-2.6,-6.3,0.1,TRUE,FALSE
2021-04-22,22,Apr,2021,-0.7,-5.7,0,TRUE,FALSE
2021-04-23,23,Apr,2021,6.7,-1.8,0,TRUE,FALSE
2021-04-24,24,Apr,2021,9.1,0.6,0,TRUE,FALSE
2021-04-25,25,Apr,2021,2.6,-2.7,1.4,TRUE,FALSE
2021-04-26,26,Apr,2021,1.7,-5.3,0,TRUE,FALSE
2021-04-27,27,Apr,2021,8.6,1.4,1.6,TRUE,FALSE
2021-04-28,28,Apr,2021,6,3.7,13.9,TRUE,FALSE
2021-04-29,29,Apr,2021,10.6,5.4,4.8,TRUE,FALSE
2021-04-30,30,Apr,2021,3.1,-2.5,7.7,TRUE,FALSE
2021-05-01,1,May,2021,2.3,-5,1.5,TRUE,FALSE
2021-05-02,2,May,2021,7.7,-1,0,TRUE,FALSE
2021-05-03,3,May,2021,4.9,2.9,6.1,TRUE,FALSE
2021-05-04,4,May,2021,5.5,3.9,2.4,TRUE,FALSE
2021-05-05,5,May,2021,4.8,0.7,0.1,TRUE,FALSE
2021-05-06,6,May,2021,4,-3.4,0,TRUE,FALSE
2021-05-07,7,May,2021,4.7,-3.6,0,TRUE,FALSE
2021-05-08,8,May,2021,5.1,-2.6,0,TRUE,FALSE
2021-05-09,9,May,2021,5.9,-1.6,0,TRUE,FALSE
2021-05-10,10,May,2021,NA,NA,NA,FALSE,TRUE
2021-05-11,11,May,2021,NA,NA,NA,FALSE,TRUE
2021-05-12,12,May,2021,NA,NA,NA,FALSE,TRUE
2021-05-13,13,May,2021,NA,NA,NA,FALSE,TRUE
2021-05-14,14,May,2021,NA,NA,NA,FALSE,TRUE
2021-05-15,15,May,2021,10.5,0,0,TRUE,FALSE
2021-05-16,16,May,2021,11.1,-0.2,0,TRUE,FALSE
2021-05-17,17,May,2021,12,0.5,0,TRUE,FALSE
2021-05-18,18,May,2021,16.6,6.2,0,TRUE,FALSE
2021-05-19,19,May,2021,17.1,5.8,0,TRUE,FALSE
2021-05-20,20,May,2021,20.5,12.6,0.1,TRUE,FALSE
2021-05-21,21,May,2021,21.9,13.4,0,TRUE,FALSE
2021-05-22,22,May,2021,18.1,14.4,0.3,TRUE,FALSE
2021-05-23,23,May,2021,9.7,1.3,0.1,TRUE,FALSE
2021-05-24,24,May,2021,10.8,-0.9,0,TRUE,FALSE
2021-05-25,25,May,2021,18.6,8.3,0.3,TRUE,FALSE
2021-05-26,26,May,2021,15.2,9.2,0.9,TRUE,FALSE
2021-05-27,27,May,2021,5.8,-0.5,0,TRUE,FALSE
2021-05-28,28,May,2021,4,-2.7,0,TRUE,FALSE
2021-05-29,29,May,2021,6.6,-3.7,0,TRUE,FALSE
2021-05-30,30,May,2021,8.3,-3,0,TRUE,FALSE
2021-05-31,31,May,2021,10.8,-0.9,0,TRUE,FALSE
2022-03-01,1,Mar,2022,-9.5,-13.9,2.6,TRUE,FALSE
2022-03-02,2,Mar,2022,-9.6,-15.4,2,TRUE,FALSE
2022-03-03,3,Mar,2022,-19.1,-27.9,0,TRUE,FALSE
2022-03-04,4,Mar,2022,-15.3,-29.1,0,TRUE,FALSE
2022-03-05,5,Mar,2022,-10.4,-20.6,0.4,TRUE,FALSE
2022-03-06,6,Mar,2022,3.2,-3.3,3.6,TRUE,FALSE
2022-03-07,7,Mar,2022,-3.6,-7,15,TRUE,FALSE
2022-03-08,8,Mar,2022,-8,-15.1,1.2,TRUE,FALSE
2022-03-09,9,Mar,2022,-8.1,-17.3,0,TRUE,FALSE
2022-03-10,10,Mar,2022,-7,-13.1,0,TRUE,FALSE
2022-03-11,11,Mar,2022,-6,-9.5,1.7,TRUE,FALSE
2022-03-12,12,Mar,2022,-9.9,-14.3,0,TRUE,FALSE
2022-03-13,13,Mar,2022,-11.2,-18.1,0.1,TRUE,FALSE
2022-03-14,14,Mar,2022,-4.5,-12.4,0.9,TRUE,FALSE
2022-03-15,15,Mar,2022,-1.6,-7.8,0,TRUE,FALSE
2022-03-16,16,Mar,2022,2.5,-3.5,0,TRUE,FALSE
2022-03-17,17,Mar,2022,6.5,-3.4,0,TRUE,FALSE
2022-03-18,18,Mar,2022,2,-3.9,0.4,TRUE,FALSE
2022-03-19,19,Mar,2022,2.2,0.8,6.4,TRUE,FALSE
2022-03-20,20,Mar,2022,2.1,-3.5,0.6,TRUE,FALSE
2022-03-21,21,Mar,2022,-0.2,-6.4,0,TRUE,FALSE
2022-03-22,22,Mar,2022,-1.7,-9.2,0,TRUE,FALSE
2022-03-23,23,Mar,2022,-0.9,-4,6.6,TRUE,FALSE
2022-03-24,24,Mar,2022,3.3,0.2,3.5,TRUE,FALSE
2022-03-25,25,Mar,2022,1.4,-0.1,1.2,TRUE,FALSE
2022-03-26,26,Mar,2022,0.6,-4.8,1.7,TRUE,FALSE
2022-03-27,27,Mar,2022,-9.3,-13.9,0.7,TRUE,FALSE
2022-03-28,28,Mar,2022,-12.9,-18.3,0,TRUE,FALSE
2022-03-29,29,Mar,2022,-11.6,-22.1,0,TRUE,FALSE
2022-03-30,30,Mar,2022,-7.9,-16.1,5.4,TRUE,FALSE
2022-03-31,31,Mar,2022,6.5,-1.9,4,TRUE,FALSE
2022-04-01,1,Apr,2022,-2.1,-4.1,1.3,TRUE,FALSE
2022-04-02,2,Apr,2022,-1.7,-9.8,0,TRUE,FALSE
2022-04-03,3,Apr,2022,2.1,-0.6,0,TRUE,FALSE
2022-04-04,4,Apr,2022,1.4,-3.7,0,TRUE,FALSE
2022-04-05,5,Apr,2022,1.1,-6.1,0,TRUE,FALSE
2022-04-06,6,Apr,2022,6.2,-2.3,0.1,TRUE,FALSE
2022-04-07,7,Apr,2022,5.8,1.9,5.6,TRUE,FALSE
2022-04-08,8,Apr,2022,3.6,-1.8,2.1,TRUE,FALSE
2022-04-09,9,Apr,2022,3.4,-0.9,0.1,TRUE,FALSE
2022-04-10,10,Apr,2022,-1.1,-5.5,0.4,TRUE,FALSE
2022-04-11,11,Apr,2022,2.9,-7.1,0,TRUE,FALSE
2022-04-12,12,Apr,2022,6.6,-2.4,0,TRUE,FALSE
2022-04-13,13,Apr,2022,4.3,2.2,9.3,TRUE,FALSE
2022-04-14,14,Apr,2022,4.4,-2.3,2.8,TRUE,FALSE
2022-04-15,15,Apr,2022,3.3,-3.2,0,TRUE,FALSE
2022-04-16,16,Apr,2022,-1,-3.9,0,TRUE,FALSE
2022-04-17,17,Apr,2022,0,-6.5,0,TRUE,FALSE
2022-04-18,18,Apr,2022,0.7,-8.2,4.3,TRUE,FALSE
2022-04-19,19,Apr,2022,1.3,-0.9,4.7,TRUE,FALSE
2022-04-20,20,Apr,2022,2.8,-2.6,0,TRUE,FALSE
2022-04-21,21,Apr,2022,4.5,-0.2,7.5,TRUE,FALSE
2022-04-22,22,Apr,2022,4.7,-1.8,0,TRUE,FALSE
2022-04-23,23,Apr,2022,2.4,-0.6,2,TRUE,FALSE
2022-04-24,24,Apr,2022,11.1,1,7.9,TRUE,FALSE
2022-04-25,25,Apr,2022,10.6,5.6,17.5,TRUE,FALSE
2022-04-26,26,Apr,2022,3.5,-0.2,0.5,TRUE,FALSE
2022-04-27,27,Apr,2022,-1.6,-4.2,0.1,TRUE,FALSE
2022-04-28,28,Apr,2022,1,-5.8,0,TRUE,FALSE
2022-04-29,29,Apr,2022,2.7,-7.3,0,TRUE,FALSE
2022-04-30,30,Apr,2022,4.9,-6.2,0.1,TRUE,FALSE
2022-05-01,1,May,2022,7.1,-4.6,1.5,TRUE,FALSE
2022-05-02,2,May,2022,9,5.4,1.9,TRUE,FALSE
2022-05-03,3,May,2022,8.9,5.4,2.2,TRUE,FALSE
2022-05-04,4,May,2022,6.5,-1.6,0,TRUE,FALSE
2022-05-05,5,May,2022,7.6,-3.3,0,TRUE,FALSE
2022-05-06,6,May,2022,7.5,-0.9,0,TRUE,FALSE
2022-05-07,7,May,2022,6.1,-2.8,0,TRUE,FALSE
2022-05-08,8,May,2022,7.3,-4.6,0.1,TRUE,FALSE
2022-05-09,9,May,2022,10.3,-3.2,0,TRUE,FALSE
2022-05-10,10,May,2022,13.7,1.9,0,TRUE,FALSE
2022-05-11,11,May,2022,16.4,2.3,0,TRUE,FALSE
2022-05-12,12,May,2022,18,6.2,0,TRUE,FALSE
2022-05-13,13,May,2022,18,4.9,0.1,TRUE,FALSE
2022-05-14,14,May,2022,20.2,10,34.4,TRUE,FALSE
2022-05-15,15,May,2022,NA,NA,NA,FALSE,TRUE
2022-05-16,16,May,2022,NA,NA,NA,FALSE,TRUE
2022-05-17,17,May,2022,NA,NA,NA,FALSE,TRUE
2022-05-18,18,May,2022,NA,NA,NA,FALSE,TRUE
2022-05-19,19,May,2022,NA,NA,NA,FALSE,TRUE
2022-05-20,20,May,2022,16.8,6.4,0,TRUE,FALSE
2022-05-21,21,May,2022,17.1,11.4,0,TRUE,FALSE
2022-05-22,22,May,2022,9.1,5.7,3.3,TRUE,FALSE
2022-05-23,23,May,2022,9.9,4.6,0,TRUE,FALSE
2022-05-24,24,May,2022,10.4,2.6,0,TRUE,FALSE
2022-05-25,25,May,2022,10,-0.1,2.1,TRUE,FALSE
2022-05-26,26,May,2022,16.6,10.6,25,TRUE,FALSE
2022-05-27,27,May,2022,16.3,13,26.6,TRUE,FALSE
2022-05-28,28,May,2022,14.3,7.1,0,TRUE,FALSE
2022-05-29,29,May,2022,14.2,4.8,0,TRUE,FALSE
2022-05-30,30,May,2022,19.6,10.5,0.2,TRUE,FALSE
2022-05-31,31,May,2022,21.2,12,0,TRUE,FALSE
2023-03-01,1,Mar,2023,-3.2,-9.9,0,TRUE,FALSE
2023-03-02,2,Mar,2023,-8,-16.9,1,TRUE,FALSE
2023-03-03,3,Mar,2023,-11.6,-24.5,4.2,TRUE,FALSE
2023-03-04,4,Mar,2023,-4.3,-10,4.8,TRUE,FALSE
2023-03-05,5,Mar,2023,-2.2,-9.9,0,TRUE,FALSE
2023-03-06,6,Mar,2023,-6.4,-15.8,0,TRUE,FALSE
2023-03-07,7,Mar,2023,-4.6,-8.3,0,TRUE,FALSE
2023-03-08,8,Mar,2023,-3.9,-8,0,TRUE,FALSE
2023-03-09,9,Mar,2023,-2.5,-7.7,0,TRUE,FALSE
2023-03-10,10,Mar,2023,-4.1,-7.4,0,TRUE,FALSE
2023-03-11,11,Mar,2023,-8.4,-14.3,0.1,TRUE,FALSE
2023-03-12,12,Mar,2023,-9.1,-20.3,0,TRUE,FALSE
2023-03-13,13,Mar,2023,-2.6,-6,2.3,TRUE,FALSE
2023-03-14,14,Mar,2023,-5.8,-9.1,0.1,TRUE,FALSE
2023-03-15,15,Mar,2023,-4.9,-14,0,TRUE,FALSE
2023-03-16,16,Mar,2023,3,-2.1,0,TRUE,FALSE
2023-03-17,17,Mar,2023,1,-3.1,6.4,TRUE,FALSE
2023-03-18,18,Mar,2023,-7,-11.5,4.6,TRUE,FALSE
2023-03-19,19,Mar,2023,-9.2,-15.7,0,TRUE,FALSE
2023-03-20,20,Mar,2023,-5.5,-12.4,0.1,TRUE,FALSE
2023-03-21,21,Mar,2023,-1.2,-4.1,0.3,TRUE,FALSE
2023-03-22,22,Mar,2023,-1.7,-9.2,3,TRUE,FALSE
2023-03-23,23,Mar,2023,1.5,-3.3,0.1,TRUE,FALSE
2023-03-24,24,Mar,2023,-2.1,-8,0,TRUE,FALSE
2023-03-25,25,Mar,2023,-3.3,-8.6,13.1,TRUE,FALSE
2023-03-26,26,Mar,2023,-0.3,-6.7,0.4,TRUE,FALSE
2023-03-27,27,Mar,2023,-0.4,-7.9,0,TRUE,FALSE
2023-03-28,28,Mar,2023,-0.9,-7.6,0,TRUE,FALSE
2023-03-29,29,Mar,2023,-5,-14.1,3.7,TRUE,FALSE
2023-03-30,30,Mar,2023,-9.5,-19.6,0,TRUE,FALSE
2023-03-31,31,Mar,2023,-7.4,-14.3,6.2,TRUE,FALSE
2023-04-01,1,Apr,2023,-3.6,-10,18.8,TRUE,FALSE
2023-04-02,2,Apr,2023,-7.2,-17.4,0,TRUE,FALSE
2023-04-03,3,Apr,2023,1.4,-4.9,3.8,TRUE,FALSE
2023-04-04,4,Apr,2023,-1.2,-6.6,0.1,TRUE,FALSE
2023-04-05,5,Apr,2023,-1.3,-3.4,54.9,TRUE,FALSE
2023-04-06,6,Apr,2023,3.5,-1.2,0,TRUE,FALSE
2023-04-07,7,Apr,2023,-4,-10.2,0,TRUE,FALSE
2023-04-08,8,Apr,2023,-3.9,-13.6,0,TRUE,FALSE
2023-04-09,9,Apr,2023,-0.9,-11.5,0,TRUE,FALSE
2023-04-10,10,Apr,2023,4,-7.2,0,TRUE,FALSE
2023-04-11,11,Apr,2023,9.2,1.7,0,TRUE,FALSE
2023-04-12,12,Apr,2023,9.3,-1.9,0,TRUE,FALSE
2023-04-13,13,Apr,2023,11.4,-0.9,0,TRUE,FALSE
2023-04-14,14,Apr,2023,10.8,-1.1,0,TRUE,FALSE
2023-04-15,15,Apr,2023,12.3,-1.5,0,TRUE,FALSE
2023-04-16,16,Apr,2023,13.4,-0.3,0,TRUE,FALSE
2023-04-17,17,Apr,2023,6.1,0.4,11.8,TRUE,FALSE
2023-04-18,18,Apr,2023,1.9,-1.3,0.9,TRUE,FALSE
2023-04-19,19,Apr,2023,-0.4,-3.1,0.4,TRUE,FALSE
2023-04-20,20,Apr,2023,3.5,-3.2,0.5,TRUE,FALSE
2023-04-21,21,Apr,2023,12.3,3.2,6.9,TRUE,FALSE
2023-04-22,22,Apr,2023,7.9,3.2,12.2,TRUE,FALSE
2023-04-23,23,Apr,2023,5.3,0.9,0,TRUE,FALSE
2023-04-24,24,Apr,2023,2.6,-4.1,0,TRUE,FALSE
2023-04-25,25,Apr,2023,1.2,-4.4,3.9,TRUE,FALSE
2023-04-26,26,Apr,2023,3.1,-1.4,0,TRUE,FALSE
2023-04-27,27,Apr,2023,6,-0.4,0,TRUE,FALSE
2023-04-28,28,Apr,2023,8.2,-1.3,0.3,TRUE,FALSE
2023-04-29,29,Apr,2023,7.3,6.4,14,TRUE,FALSE
2023-04-30,30,Apr,2023,8.4,6.9,17.8,TRUE,FALSE
2023-05-01,1,May,2023,4.6,2.3,13.4,TRUE,FALSE
2023-05-02,2,May,2023,6.3,3,2.7,TRUE,FALSE
2023-05-03,3,May,2023,6.8,4.4,14.1,TRUE,FALSE
2023-05-04,4,May,2023,6.1,2.5,0.4,TRUE,FALSE
2023-05-05,5,May,2023,7.2,0.1,0,TRUE,FALSE
2023-05-06,6,May,2023,9,-1.8,0,TRUE,FALSE
2023-05-07,7,May,2023,10,1.8,0.9,TRUE,FALSE
2023-05-08,8,May,2023,7.1,-1.2,0,TRUE,FALSE
2023-05-09,9,May,2023,7.2,-2.8,0,TRUE,FALSE
2023-05-10,10,May,2023,10.2,-2.1,0,TRUE,FALSE
2023-05-11,11,May,2023,14.3,2.6,0.5,TRUE,FALSE
2023-05-12,12,May,2023,15.6,5.7,0,TRUE,FALSE
2023-05-13,13,May,2023,10.1,1.6,0,TRUE,FALSE
2023-05-14,14,May,2023,8.5,-0.3,0,TRUE,FALSE
2023-05-15,15,May,2023,9.5,-2.6,0,TRUE,FALSE
2023-05-16,16,May,2023,8.9,-0.6,0.6,TRUE,FALSE
2023-05-17,17,May,2023,2.3,-3.8,0,TRUE,FALSE
2023-05-18,18,May,2023,5.1,-6.2,0,TRUE,FALSE
2023-05-19,19,May,2023,11.1,-0.8,11.2,TRUE,FALSE
2023-05-20,20,May,2023,11.7,8.7,35.2,TRUE,FALSE
2023-05-21,21,May,2023,9.2,1,0.8,TRUE,FALSE
2023-05-22,22,May,2023,8.1,-2.2,0,TRUE,FALSE
2023-05-23,23,May,2023,11.8,-0.1,0,TRUE,FALSE
2023-05-24,24,May,2023,NA,NA,NA,FALSE,TRUE
2023-05-25,25,May,2023,7.8,-0.8,0,TRUE,FALSE
2023-05-26,26,May,2023,10.1,-2.3,0,TRUE,FALSE
2023-05-27,27,May,2023,14.7,2.4,0,TRUE,FALSE
2023-05-28,28,May,2023,16,3.1,0,TRUE,FALSE
2023-05-29,29,May,2023,15.8,6.2,0,TRUE,FALSE
2023-05-30,30,May,2023,16.2,3.1,0,TRUE,FALSE
2023-05-31,31,May,2023,19.8,7.9,0,TRUE,FALSE
2024-03-01,1,Mar,2024,-3.5,-13.5,0,TRUE,FALSE
2024-03-02,2,Mar,2024,-0.5,-5.5,0,TRUE,FALSE
2024-03-03,3,Mar,2024,3.5,0.3,0,TRUE,FALSE
2024-03-04,4,Mar,2024,6.8,-1.2,0,TRUE,FALSE
2024-03-05,5,Mar,2024,6.2,-1.3,5,TRUE,FALSE
2024-03-06,6,Mar,2024,0.1,-1.3,0.9,TRUE,FALSE
2024-03-07,7,Mar,2024,0.8,-6.5,0,TRUE,FALSE
2024-03-08,8,Mar,2024,1.5,-8.3,0.1,TRUE,FALSE
2024-03-09,9,Mar,2024,2.6,0.2,8.1,TRUE,FALSE
2024-03-10,10,Mar,2024,-3.6,-7.5,0.5,TRUE,FALSE
2024-03-11,11,Mar,2024,-1.7,-7.5,0,TRUE,FALSE
2024-03-12,12,Mar,2024,2,-8.3,0,TRUE,FALSE
2024-03-13,13,Mar,2024,6.1,-2.9,0.4,TRUE,FALSE
2024-03-14,14,Mar,2024,4.5,-4.5,0.5,TRUE,FALSE
2024-03-15,15,Mar,2024,2.2,-3.7,0,TRUE,FALSE
2024-03-16,16,Mar,2024,-0.5,-6,1.6,TRUE,FALSE
2024-03-17,17,Mar,2024,-0.3,-2.6,0.3,TRUE,FALSE
2024-03-18,18,Mar,2024,-5.3,-8.6,1.3,TRUE,FALSE
2024-03-19,19,Mar,2024,-5,-9.4,2.2,TRUE,FALSE
2024-03-20,20,Mar,2024,-6.8,-11.3,1.4,TRUE,FALSE
2024-03-21,21,Mar,2024,-12.7,-19,0,TRUE,FALSE
2024-03-22,22,Mar,2024,-12.3,-20,0,TRUE,FALSE
2024-03-23,23,Mar,2024,-7.6,-17.3,0,TRUE,FALSE
2024-03-24,24,Mar,2024,-8.9,-17.2,0,TRUE,FALSE
2024-03-25,25,Mar,2024,2.3,-6.5,0,TRUE,FALSE
2024-03-26,26,Mar,2024,5.4,-1.9,5.6,TRUE,FALSE
2024-03-27,27,Mar,2024,3.6,-0.2,1.1,TRUE,FALSE
2024-03-28,28,Mar,2024,1,-5,0,TRUE,FALSE
2024-03-29,29,Mar,2024,-2.4,-7.4,0,TRUE,FALSE
2024-03-30,30,Mar,2024,0.8,-5.1,0.3,TRUE,FALSE
2024-03-31,31,Mar,2024,2.9,-2.9,0,TRUE,FALSE
2024-04-01,1,Apr,2024,1.9,-4.5,0,TRUE,FALSE
2024-04-02,2,Apr,2024,2.3,-5.6,0,TRUE,FALSE
2024-04-03,3,Apr,2024,2.3,-0.4,22.5,TRUE,FALSE
2024-04-04,4,Apr,2024,-1,-1.6,10.2,TRUE,FALSE
2024-04-05,5,Apr,2024,1,-1.8,0.8,TRUE,FALSE
2024-04-06,6,Apr,2024,4.5,-0.8,0,TRUE,FALSE
2024-04-07,7,Apr,2024,5.6,-3.9,0,TRUE,FALSE
2024-04-08,8,Apr,2024,5.6,-5,0,TRUE,FALSE
2024-04-09,9,Apr,2024,10.3,-2.5,2.4,TRUE,FALSE
2024-04-10,10,Apr,2024,7.5,-0.2,0,TRUE,FALSE
2024-04-11,11,Apr,2024,5.7,-1.5,11.7,TRUE,FALSE
2024-04-12,12,Apr,2024,8.1,1.3,14.5,TRUE,FALSE
2024-04-13,13,Apr,2024,3.8,-0.4,2.6,TRUE,FALSE
2024-04-14,14,Apr,2024,3,-1.2,3.4,TRUE,FALSE
2024-04-15,15,Apr,2024,5,-1.7,2.5,TRUE,FALSE
2024-04-16,16,Apr,2024,4.7,-3.8,0,TRUE,FALSE
2024-04-17,17,Apr,2024,3.1,-1,3.8,TRUE,FALSE
2024-04-18,18,Apr,2024,6,2.4,3.3,TRUE,FALSE
2024-04-19,19,Apr,2024,5.1,-0.4,4.9,TRUE,FALSE
2024-04-20,20,Apr,2024,3,-0.8,0,TRUE,FALSE
2024-04-21,21,Apr,2024,1.1,-4.8,1.6,TRUE,FALSE
2024-04-22,22,Apr,2024,1.6,-7.7,0,TRUE,FALSE
2024-04-23,23,Apr,2024,8.6,2.5,2.4,TRUE,FALSE
2024-04-24,24,Apr,2024,0.1,-6.3,4.2,TRUE,FALSE
2024-04-25,25,Apr,2024,0.1,-8.7,0,TRUE,FALSE
2024-04-26,26,Apr,2024,3.6,-7.3,0,TRUE,FALSE
2024-04-27,27,Apr,2024,4.9,-2.5,3.9,TRUE,FALSE
2024-04-28,28,Apr,2024,12.2,5.4,2.6,TRUE,FALSE
2024-04-29,29,Apr,2024,5.5,2.7,4.2,TRUE,FALSE
2024-04-30,30,Apr,2024,7.8,5.3,4.3,TRUE,FALSE
2024-05-01,1,May,2024,11.5,5.7,5.8,TRUE,FALSE
2024-05-02,2,May,2024,9.3,2.9,0,TRUE,FALSE
2024-05-03,3,May,2024,10.8,1.7,3.3,TRUE,FALSE
2024-05-04,4,May,2024,16.5,11,0,TRUE,FALSE
2024-05-05,5,May,2024,9.9,3.5,0.5,TRUE,FALSE
2024-05-06,6,May,2024,10.5,0.5,0,TRUE,FALSE
2024-05-07,7,May,2024,10.6,-0.8,0,TRUE,FALSE
2024-05-08,8,May,2024,8,3.5,18,TRUE,FALSE
2024-05-09,9,May,2024,6.4,-0.7,0,TRUE,FALSE
2024-05-10,10,May,2024,8.5,1.9,0,TRUE,FALSE
2024-05-11,11,May,2024,9.1,1.3,1.2,TRUE,FALSE
2024-05-12,12,May,2024,11.4,6,0,TRUE,FALSE
2024-05-13,13,May,2024,14,6.9,0,TRUE,FALSE
2024-05-14,14,May,2024,15.1,7.4,0,TRUE,FALSE
2024-05-15,15,May,2024,13,4.6,0,TRUE,FALSE
2024-05-16,16,May,2024,13.1,2.3,0,TRUE,FALSE
2024-05-17,17,May,2024,15.3,9,0,TRUE,FALSE
2024-05-18,18,May,2024,15.8,6.9,0,TRUE,FALSE
2024-05-19,19,May,2024,17.7,7.9,0,TRUE,FALSE
2024-05-20,20,May,2024,18.4,7.9,0,TRUE,FALSE
2024-05-21,21,May,2024,17.5,12.9,12.4,TRUE,FALSE
2024-05-22,22,May,2024,21.4,14,13.9,TRUE,FALSE
2024-05-23,23,May,2024,NA,NA,NA,FALSE,TRUE
2024-05-24,24,May,2024,NA,NA,NA,FALSE,TRUE
2024-05-25,25,May,2024,8.2,1.5,4.2,TRUE,FALSE
2024-05-26,26,May,2024,16.5,10.2,0,TRUE,FALSE
2024-05-27,27,May,2024,16.3,13.4,16.9,TRUE,FALSE
2024-05-28,28,May,2024,11.5,5.8,2,TRUE,FALSE
2024-05-29,29,May,2024,8.5,0.9,0,TRUE,FALSE
2024-05-30,30,May,2024,8.4,-1.3,0,TRUE,FALSE
2024-05-31,31,May,2024,11.7,-0.8,0,TRUE,FALSE
