"year","month","day","min_temp","scenario"
2008,4,1,-5.918973858,"1"
2008,4,2,-4.695200454,"1"
2008,4,3,-5.796901698,"1"
2008,4,4,-6.58426713,"1"
2008,4,5,-6.14175555,"1"
2008,4,6,-5.354390118,"1"
2008,4,7,-4.35645021,"1"
2008,4,8,-4.277103306,"1"
2008,4,9,-2.92210233,"1"
2008,4,10,-2.323948746,"1"
2008,4,11,-2.745097698,"1"
2008,4,12,-2.317845138,"1"
2008,4,13,-2.66269899,"1"
2008,4,14,-1.06050189,"1"
2008,4,15,-2.134736898,"1"
2008,4,16,-1.936369638,"1"
2008,4,17,-0.14496069,"1"
2008,4,18,-0.599679486,"1"
2008,4,19,-1.06050189,"1"
2008,4,20,-0.95368875,"1"
2008,4,21,0.965895966,"1"
2008,4,22,0.645456546,"1"
2008,4,23,0.035095746,"1"
2008,4,24,-0.86213463,"1"
2008,4,25,-0.071717394,"1"
2008,4,26,-0.447089286,"1"
2008,4,27,0.791943138,"1"
2008,4,28,0.474555522,"1"
2008,4,29,1.948576854,"1"
2008,4,30,2.619973734,"1"
2009,4,1,-6.166169982,"1"
2009,4,2,-6.761271762,"1"
2009,4,3,-7.04203773,"1"
2009,4,4,-6.700235682,"1"
2009,4,5,-4.89051591,"1"
2009,4,6,-4.591439118,"1"
2009,4,7,-4.985121834,"1"
2009,4,8,-4.924085754,"1"
2009,4,9,-3.550773954,"1"
2009,4,10,-3.956663886,"1"
2009,4,11,-4.548713862,"1"
2009,4,12,-4.12756491,"1"
2009,4,13,-3.068588922,"1"
2009,4,14,-2.824444602,"1"
2009,4,15,-2.690165226,"1"
2009,4,16,-2.64743997,"1"
2009,4,17,-1.35042327,"1"
2009,4,18,-0.910963494,"1"
2009,4,19,-0.38910501,"1"
2009,4,20,-0.09918363,"1"
2009,4,21,0.87739365,"1"
2009,4,22,-0.001525902,"1"
2009,4,23,0.440985678,"1"
2009,4,24,-0.047302962,"1"
2009,4,25,0.331120734,"1"
2009,4,26,1.112382558,"1"
2009,4,27,1.872281754,"1"
2009,4,28,1.658655474,"1"
2009,4,29,2.549782242,"1"
2009,4,30,3.199816494,"1"
2010,4,1,-5.204851722,"1"
2010,4,2,-4.866101478,"1"
2010,4,3,-5.48561769,"1"
2010,4,4,-5.143815642,"1"
2010,4,5,-3.88342059,"1"
2010,4,6,-3.309681438,"1"
2010,4,7,-4.344242994,"1"
2010,4,8,-4.408330878,"1"
2010,4,9,-3.263904378,"1"
2010,4,10,-2.696268834,"1"
2010,4,11,-3.56298117,"1"
2010,4,12,-3.404287362,"1"
2010,4,13,-2.787822954,"1"
2010,4,14,-2.26596447,"1"
2010,4,15,-2.122529682,"1"
2010,4,16,-0.645456546,"1"
2010,4,17,-0.685129998,"1"
2010,4,18,-0.657663762,"1"
2010,4,19,0.459296502,"1"
2010,4,20,-0.120546258,"1"
2010,4,21,0.315861714,"1"
2010,4,22,1.39620033,"1"
2010,4,23,0.230411202,"1"
2010,4,24,1.026932046,"1"
2010,4,25,1.316853426,"1"
2010,4,26,1.371785898,"1"
2010,4,27,1.515220686,"1"
2010,4,28,1.68612171,"1"
2010,4,29,1.71663975,"1"
2010,4,30,2.058441798,"1"
2011,4,1,-6.791789802,"1"
2011,4,2,-7.109177418,"1"
2011,4,3,-6.64530321,"1"
2011,4,4,-6.300449358,"1"
2011,4,5,-5.915922054,"1"
2011,4,6,-5.281146822,"1"
2011,4,7,-4.61585355,"1"
2011,4,8,-3.718623174,"1"
2011,4,9,-4.11230589,"1"
2011,4,10,-3.193712886,"1"
2011,4,11,-1.216143894,"1"
2011,4,12,-1.795986654,"1"
2011,4,13,-1.756313202,"1"
2011,4,14,-0.468451914,"1"
2011,4,15,-0.950636946,"1"
2011,4,16,-1.02998385,"1"
2011,4,17,-0.523384386,"1"
2011,4,18,1.399252134,"1"
2011,4,19,-0.138857082,"1"
2011,4,20,-0.138857082,"1"
2011,4,21,-0.437933874,"1"
2011,4,22,0.563057838,"1"
2011,4,23,1.728846966,"1"
2011,4,24,2.476538946,"1"
2011,4,25,3.050278098,"1"
2011,4,26,2.079804426,"1"
2011,4,27,1.393148526,"1"
2011,4,28,2.183565762,"1"
2011,4,29,1.451132802,"1"
2011,4,30,2.604714714,"1"
2012,4,1,-6.642251406,"1"
2012,4,2,-5.63820789,"1"
2012,4,3,-5.354390118,"1"
2012,4,4,-4.164186558,"1"
2012,4,5,-4.78370277,"1"
2012,4,6,-3.935301258,"1"
2012,4,7,-3.965819298,"1"
2012,4,8,-2.836651818,"1"
2012,4,9,-2.931257742,"1"
2012,4,10,-3.062485314,"1"
2012,4,11,-2.903791506,"1"
2012,4,12,-3.819332706,"1"
2012,4,13,-3.581291994,"1"
2012,4,14,-2.958723978,"1"
2012,4,15,-1.033035654,"1"
2012,4,16,-1.246661934,"1"
2012,4,17,-0.889600866,"1"
2012,4,18,-0.49591815,"1"
2012,4,19,-0.92317071,"1"
2012,4,20,-0.498969954,"1"
2012,4,21,0.041199354,"1"
2012,4,22,0.70954443,"1"
2012,4,23,0.361638774,"1"
2012,4,24,0.914015298,"1"
2012,4,25,1.451132802,"1"
2012,4,26,0.700389018,"1"
2012,4,27,1.45723641,"1"
2012,4,28,2.522316006,"1"
2012,4,29,2.470435338,"1"
2012,4,30,3.797970078,"1"
2013,4,1,-8.220034074,"1"
2013,4,2,-7.219042362,"1"
2013,4,3,-6.81315243,"1"
2013,4,4,-7.045089534,"1"
2013,4,5,-6.382848066,"1"
2013,4,6,-6.831463254,"1"
2013,4,7,-5.748072834,"1"
2013,4,8,-5.265887802,"1"
2013,4,9,-3.999389142,"1"
2013,4,10,-2.873273466,"1"
2013,4,11,-2.583352086,"1"
2013,4,12,-2.153047722,"1"
2013,4,13,-2.116426074,"1"
2013,4,14,-1.860074538,"1"
2013,4,15,-0.828564786,"1"
2013,4,16,-1.44197739,"1"
2013,4,17,-1.820401086,"1"
2013,4,18,-2.116426074,"1"
2013,4,19,-2.08285623,"1"
2013,4,20,-0.60273129,"1"
2013,4,21,0.29755089,"1"
2013,4,22,0.46540011,"1"
2013,4,23,-0.26703285,"1"
2013,4,24,-0.032043942,"1"
2013,4,25,0.99946581,"1"
2013,4,26,1.48775445,"1"
2013,4,27,1.24361013,"1"
2013,4,28,0.941481534,"1"
2013,4,29,1.301594406,"1"
2013,4,30,1.359578682,"1"
2014,4,1,-6.883343922,"1"
2014,4,2,-6.092926686,"1"
2014,4,3,-5.57717181,"1"
2014,4,4,-5.601586242,"1"
2014,4,5,-5.461203258,"1"
2014,4,6,-5.448996042,"1"
2014,4,7,-4.942396578,"1"
2014,4,8,-3.385976538,"1"
2014,4,9,-3.230334534,"1"
2014,4,10,-3.932249454,"1"
2014,4,11,-3.111314178,"1"
2014,4,12,-3.54772215,"1"
2014,4,13,-3.175402062,"1"
2014,4,14,-3.187609278,"1"
2014,4,15,-1.451132802,"1"
2014,4,16,-0.682078194,"1"
2014,4,17,-1.008621222,"1"
2014,4,18,-0.58747227,"1"
2014,4,19,-0.788891334,"1"
2014,4,20,-0.90791169,"1"
2014,4,21,-0.453192894,"1"
2014,4,22,-0.431830266,"1"
2014,4,23,0.28229187,"1"
2014,4,24,0.035095746,"1"
2014,4,25,-0.355535166,"1"
2014,4,26,0.55695423,"1"
2014,4,27,0.956740554,"1"
2014,4,28,1.689173514,"1"
2014,4,29,2.223239214,"1"
2014,4,30,1.292438994,"1"
2015,4,1,-5.223162546,"1"
2015,4,2,-3.834591726,"1"
2015,4,3,-4.93629297,"1"
2015,4,4,-3.987181926,"1"
2015,4,5,-3.202868298,"1"
2015,4,6,-2.870221662,"1"
2015,4,7,-1.820401086,"1"
2015,4,8,-2.238498234,"1"
2015,4,9,-2.394140238,"1"
2015,4,10,-2.348363178,"1"
2015,4,11,-0.776684118,"1"
2015,4,12,-1.91500701,"1"
2015,4,13,-1.661707278,"1"
2015,4,14,-2.198824782,"1"
2015,4,15,-1.170366834,"1"
2015,4,16,-0.83161659,"1"
2015,4,17,-0.947585142,"1"
2015,4,18,0.242618418,"1"
2015,4,19,1.21309209,"1"
2015,4,20,0.593575878,"1"
2015,4,21,0.013733118,"1"
2015,4,22,1.530479706,"1"
2015,4,23,0.978103182,"1"
2015,4,24,1.680018102,"1"
2015,4,25,2.568093066,"1"
2015,4,26,2.824444602,"1"
2015,4,27,2.192721174,"1"
2015,4,28,2.467383534,"1"
2015,4,29,3.422598186,"1"
2015,4,30,3.95971569,"1"
2016,4,1,-5.619897066,"1"
2016,4,2,-6.184480806,"1"
2016,4,3,-6.480505794,"1"
2016,4,4,-6.044097822,"1"
2016,4,5,-4.505988606,"1"
2016,4,6,-5.589379026,"1"
2016,4,7,-5.162126466,"1"
2016,4,8,-4.32593217,"1"
2016,4,9,-2.827496406,"1"
2016,4,10,-2.366674002,"1"
2016,4,11,-1.896696186,"1"
2016,4,12,-2.720683266,"1"
2016,4,13,-3.21202371,"1"
2016,4,14,-2.980086606,"1"
2016,4,15,-1.750209594,"1"
2016,4,16,-1.161211422,"1"
2016,4,17,-1.79293485,"1"
2016,4,18,-1.73189877,"1"
2016,4,19,-0.459296502,"1"
2016,4,20,-0.733958862,"1"
2016,4,21,0.453192894,"1"
2016,4,22,1.084916322,"1"
2016,4,23,1.033035654,"1"
2016,4,24,0.361638774,"1"
2016,4,25,0.69428541,"1"
2016,4,26,1.042191066,"1"
2016,4,27,0.852979218,"1"
2016,4,28,0.776684118,"1"
2016,4,29,2.384984826,"1"
2016,4,30,2.681009814,"1"
2017,4,1,-5.635156086,"1"
2017,4,2,-4.887464106,"1"
2017,4,3,-4.667734218,"1"
2017,4,4,-4.521247626,"1"
2017,4,5,-4.060425222,"1"
2017,4,6,-4.209963618,"1"
2017,4,7,-5.299457646,"1"
2017,4,8,-3.987181926,"1"
2017,4,9,-1.795986654,"1"
2017,4,10,-2.73899409,"1"
2017,4,11,-3.13572861,"1"
2017,4,12,-2.98313841,"1"
2017,4,13,-3.82238451,"1"
2017,4,14,-2.305637922,"1"
2017,4,15,-1.084916322,"1"
2017,4,16,-1.280231778,"1"
2017,4,17,-1.994353914,"1"
2017,4,18,-1.033035654,"1"
2017,4,19,-0.849927414,"1"
2017,4,20,-0.285343674,"1"
2017,4,21,0.032043942,"1"
2017,4,22,0.383001402,"1"
2017,4,23,1.28938719,"1"
2017,4,24,1.557945942,"1"
2017,4,25,1.524376098,"1"
2017,4,26,1.62508563,"1"
2017,4,27,1.570153158,"1"
2017,4,28,2.226291018,"1"
2017,4,29,3.324940458,"1"
2017,4,30,2.803081974,"1"
2018,4,1,-6.044097822,"1"
2018,4,2,-5.366597334,"1"
2018,4,3,-5.43984063,"1"
2018,4,4,-6.059356842,"1"
2018,4,5,-5.174333682,"1"
2018,4,6,-3.733882194,"1"
2018,4,7,-3.327992262,"1"
2018,4,8,-4.643319786,"1"
2018,4,9,-5.098038582,"1"
2018,4,10,-3.587395602,"1"
2018,4,11,-3.51720411,"1"
2018,4,12,-3.599602818,"1"
2018,4,13,-3.706415958,"1"
2018,4,14,-3.312733242,"1"
2018,4,15,-2.629129146,"1"
2018,4,16,-2.162203134,"1"
2018,4,17,-0.935377926,"1"
2018,4,18,-0.605783094,"1"
2018,4,19,-0.834668394,"1"
2018,4,20,-0.666819174,"1"
2018,4,21,0.123598062,"1"
2018,4,22,2.198824782,"1"
2018,4,23,1.240558326,"1"
2018,4,24,1.054398282,"1"
2018,4,25,1.48775445,"1"
2018,4,26,1.728846966,"1"
2018,4,27,2.08285623,"1"
2018,4,28,1.484702646,"1"
2018,4,29,1.988250306,"1"
2018,4,30,2.400243846,"1"
2019,4,1,-6.764323566,"1"
2019,4,2,-7.173265302,"1"
2019,4,3,-6.166169982,"1"
2019,4,4,-4.841687046,"1"
2019,4,5,-5.37880455,"1"
2019,4,6,-4.49378139,"1"
2019,4,7,-4.03601079,"1"
2019,4,8,-3.880368786,"1"
2019,4,9,-4.466315154,"1"
2019,4,10,-3.965819298,"1"
2019,4,11,-3.132676806,"1"
2019,4,12,-2.391088434,"1"
2019,4,13,-1.481650842,"1"
2019,4,14,-0.865186434,"1"
2019,4,15,-0.209048574,"1"
2019,4,16,0.285343674,"1"
2019,4,17,0.062561982,"1"
2019,4,18,0.553902426,"1"
2019,4,19,0.66376737,"1"
2019,4,20,1.445029194,"1"
2019,4,21,1.527427902,"1"
2019,4,22,1.420614762,"1"
2019,4,23,1.817349282,"1"
2019,4,24,1.695277122,"1"
2019,4,25,2.12863329,"1"
2019,4,26,1.722743358,"1"
2019,4,27,1.695277122,"1"
2019,4,28,2.958723978,"1"
2019,4,29,3.758296626,"1"
2019,4,30,4.240481658,"1"
2020,4,1,-7.582207038,"1"
2020,4,2,-6.697183878,"1"
2020,4,3,-5.77553907,"1"
2020,4,4,-6.147859158,"1"
2020,4,5,-7.228197774,"1"
2020,4,6,-5.351338314,"1"
2020,4,7,-5.433737022,"1"
2020,4,8,-4.505988606,"1"
2020,4,9,-4.82947983,"1"
2020,4,10,-4.03601079,"1"
2020,4,11,-2.37277761,"1"
2020,4,12,-2.436865494,"1"
2020,4,13,-2.73899409,"1"
2020,4,14,-1.759365006,"1"
2020,4,15,-1.707484338,"1"
2020,4,16,-1.509117078,"1"
2020,4,17,-1.261920954,"1"
2020,4,18,-1.118486166,"1"
2020,4,19,-1.878385362,"1"
2020,4,20,-1.051346478,"1"
2020,4,21,0.66376737,"1"
2020,4,22,1.881437166,"1"
2020,4,23,1.417562958,"1"
2020,4,24,1.100175342,"1"
2020,4,25,2.253757254,"1"
2020,4,26,2.333104158,"1"
2020,4,27,2.635232754,"1"
2020,4,28,3.300526026,"1"
2020,4,29,3.712519566,"1"
2020,4,30,3.71557137,"1"
2021,4,1,-4.78370277,"1"
2021,4,2,-5.705347578,"1"
2021,4,3,-5.909818446,"1"
2021,4,4,-5.95864731,"1"
2021,4,5,-4.863049674,"1"
2021,4,6,-4.292362326,"1"
2021,4,7,-3.797970078,"1"
2021,4,8,-3.92919765,"1"
2021,4,9,-2.851910838,"1"
2021,4,10,-2.363622198,"1"
2021,4,11,-2.330052354,"1"
2021,4,12,-2.864118054,"1"
2021,4,13,-2.134736898,"1"
2021,4,14,-1.374837702,"1"
2021,4,15,-1.933317834,"1"
2021,4,16,-2.18966937,"1"
2021,4,17,-1.469443626,"1"
2021,4,18,-1.60982661,"1"
2021,4,19,-0.624093918,"1"
2021,4,20,-0.51117717,"1"
2021,4,21,-0.117494454,"1"
2021,4,22,-0.361638774,"1"
2021,4,23,-0.80109855,"1"
2021,4,24,0.019836726,"1"
2021,4,25,1.097123538,"1"
2021,4,26,1.93026603,"1"
2021,4,27,1.77767583,"1"
2021,4,28,1.786831242,"1"
2021,4,29,2.467383534,"1"
2021,4,30,2.442969102,"1"
2022,4,1,-7.096970202,"1"
2022,4,2,-5.86709319,"1"
2022,4,3,-4.606698138,"1"
2022,4,4,-3.648431682,"1"
2022,4,5,-4.359502014,"1"
2022,4,6,-2.70847605,"1"
2022,4,7,-2.369725806,"1"
2022,4,8,-3.437857206,"1"
2022,4,9,-3.05943351,"1"
2022,4,10,-3.682001526,"1"
2022,4,11,-2.491797966,"1"
2022,4,12,-3.05943351,"1"
2022,4,13,-2.787822954,"1"
2022,4,14,-2.153047722,"1"
2022,4,15,-1.39620033,"1"
2022,4,16,0.303654498,"1"
2022,4,17,-1.298542602,"1"
2022,4,18,-1.206988482,"1"
2022,4,19,0.196841358,"1"
2022,4,20,0.721751646,"1"
2022,4,21,0.523384386,"1"
2022,4,22,1.86922995,"1"
2022,4,23,1.86922995,"1"
2022,4,24,1.100175342,"1"
2022,4,25,1.585412178,"1"
2022,4,26,1.356526878,"1"
2022,4,27,1.957732266,"1"
2022,4,28,1.985198502,"1"
2022,4,29,2.217135606,"1"
2022,4,30,2.415502866,"1"
2008,5,1,-0.050354766,"1"
2008,5,2,-0.486762738,"1"
2008,5,3,-0.199893162,"1"
2008,5,4,0.187685946,"1"
2008,5,5,1.039139262,"1"
2008,5,6,1.469443626,"1"
2008,5,7,1.768520418,"1"
2008,5,8,2.568093066,"1"
2008,5,9,3.016708254,"1"
2008,5,10,2.95262037,"1"
2008,5,11,2.638284558,"1"
2008,5,12,2.897687898,"1"
2008,5,13,3.733882194,"1"
2008,5,14,3.541618542,"1"
2008,5,15,4.545662058,"1"
2008,5,16,4.444952526,"1"
2008,5,17,3.877316982,"1"
2008,5,18,5.311664862,"1"
2008,5,19,6.184480806,"1"
2008,5,20,5.900663034,"1"
2008,5,21,6.272983122,"1"
2008,5,22,5.88235221,"1"
2008,5,23,7.447927662,"1"
2008,5,24,7.063400358,"1"
2008,5,25,7.46929029,"1"
2008,5,26,8.546577102,"1"
2008,5,27,7.994200578,"1"
2008,5,28,8.17120521,"1"
2008,5,29,8.99519229,"1"
2008,5,30,9.159989706,"1"
2008,5,31,8.503851846,"1"
2009,5,1,0.218203986,"1"
2009,5,2,0.37384599,"1"
2009,5,3,0.962844162,"1"
2009,5,4,0.514228974,"1"
2009,5,5,-0.09918363,"1"
2009,5,6,0.444037482,"1"
2009,5,7,1.268024562,"1"
2009,5,8,2.67795801,"1"
2009,5,9,2.671854402,"1"
2009,5,10,2.76951213,"1"
2009,5,11,4.383916446,"1"
2009,5,12,3.572136582,"1"
2009,5,13,2.882428878,"1"
2009,5,14,3.99023373,"1"
2009,5,15,5.046157914,"1"
2009,5,16,4.780650966,"1"
2009,5,17,6.160066374,"1"
2009,5,18,6.282138534,"1"
2009,5,19,6.395055282,"1"
2009,5,20,6.315708378,"1"
2009,5,21,7.008467886,"1"
2009,5,22,7.01151969,"1"
2009,5,23,7.478445702,"1"
2009,5,24,7.215990558,"1"
2009,5,25,6.974898042,"1"
2009,5,26,6.999312474,"1"
2009,5,27,7.496756526,"1"
2009,5,28,7.463186682,"1"
2009,5,29,7.374684366,"1"
2009,5,30,6.35538183,"1"
2009,5,31,6.666665838,"1"
2010,5,1,-1.103227146,"1"
2010,5,2,-0.737010666,"1"
2010,5,3,-0.22125579,"1"
2010,5,4,0.257877438,"1"
2010,5,5,1.582360374,"1"
2010,5,6,2.751201306,"1"
2010,5,7,2.574196674,"1"
2010,5,8,2.67795801,"1"
2010,5,9,3.07469253,"1"
2010,5,10,3.13572861,"1"
2010,5,11,3.581291994,"1"
2010,5,12,2.867169858,"1"
2010,5,13,3.553825758,"1"
2010,5,14,4.222170834,"1"
2010,5,15,4.811169006,"1"
2010,5,16,4.60059453,"1"
2010,5,17,3.782711058,"1"
2010,5,18,4.878308694,"1"
2010,5,19,5.89761123,"1"
2010,5,20,6.071564058,"1"
2010,5,21,5.033950698,"1"
2010,5,22,5.430685218,"1"
2010,5,23,6.69108027,"1"
2010,5,24,7.609673274,"1"
2010,5,25,7.765315278,"1"
2010,5,26,7.472342094,"1"
2010,5,27,7.121384634,"1"
2010,5,28,7.322803698,"1"
2010,5,29,7.490652918,"1"
2010,5,30,6.41641791,"1"
2010,5,31,8.177308818,"1"
2011,5,1,0.20599677,"1"
2011,5,2,1.112382558,"1"
2011,5,3,0.11444265,"1"
2011,5,4,-0.248722026,"1"
2011,5,5,0.883497258,"1"
2011,5,6,1.982146698,"1"
2011,5,7,2.29648251,"1"
2011,5,8,1.673914494,"1"
2011,5,9,2.134736898,"1"
2011,5,10,3.071640726,"1"
2011,5,11,3.785762862,"1"
2011,5,12,4.109254086,"1"
2011,5,13,4.283206914,"1"
2011,5,14,5.067520542,"1"
2011,5,15,5.491721298,"1"
2011,5,16,5.83657515,"1"
2011,5,17,5.748072834,"1"
2011,5,18,5.571068202,"1"
2011,5,19,4.76844375,"1"
2011,5,20,5.27199141,"1"
2011,5,21,4.686045042,"1"
2011,5,22,4.08178785,"1"
2011,5,23,4.527351234,"1"
2011,5,24,4.496833194,"1"
2011,5,25,6.089874882,"1"
2011,5,26,7.597466058,"1"
2011,5,27,7.109177418,"1"
2011,5,28,6.929120982,"1"
2011,5,29,7.472342094,"1"
2011,5,30,8.021666814,"1"
2011,5,31,7.85076579,"1"
2012,5,1,1.161211422,"1"
2012,5,2,2.095063446,"1"
2012,5,3,1.414511154,"1"
2012,5,4,1.216143894,"1"
2012,5,5,0.590524074,"1"
2012,5,6,1.322957034,"1"
2012,5,7,2.18966937,"1"
2012,5,8,3.367665714,"1"
2012,5,9,2.568093066,"1"
2012,5,10,3.76134843,"1"
2012,5,11,3.337147674,"1"
2012,5,12,4.942396578,"1"
2012,5,13,5.830471542,"1"
2012,5,14,4.811169006,"1"
2012,5,15,3.535514934,"1"
2012,5,16,4.084839654,"1"
2012,5,17,4.652475198,"1"
2012,5,18,4.87525689,"1"
2012,5,19,4.985121834,"1"
2012,5,20,5.763331854,"1"
2012,5,21,6.175325394,"1"
2012,5,22,5.436788826,"1"
2012,5,23,6.24856869,"1"
2012,5,24,7.200731538,"1"
2012,5,25,7.07255577,"1"
2012,5,26,7.353321738,"1"
2012,5,27,7.823299554,"1"
2012,5,28,7.176317106,"1"
2012,5,29,7.084762986,"1"
2012,5,30,7.322803698,"1"
2012,5,31,7.627984098,"1"
2013,5,1,-1.283283582,"1"
2013,5,2,-0.627145722,"1"
2013,5,3,0.413519442,"1"
2013,5,4,-0.38910501,"1"
2013,5,5,1.295490798,"1"
2013,5,6,1.008621222,"1"
2013,5,7,0.340276146,"1"
2013,5,8,0.779735922,"1"
2013,5,9,2.339207766,"1"
2013,5,10,4.216067226,"1"
2013,5,11,4.18860099,"1"
2013,5,12,4.136720322,"1"
2013,5,13,2.977034802,"1"
2013,5,14,2.61692193,"1"
2013,5,15,3.666742506,"1"
2013,5,16,4.408330878,"1"
2013,5,17,3.77660745,"1"
2013,5,18,3.678949722,"1"
2013,5,19,5.351338314,"1"
2013,5,20,5.610741654,"1"
2013,5,21,4.292362326,"1"
2013,5,22,5.076675954,"1"
2013,5,23,7.563896214,"1"
2013,5,24,8.189516034,"1"
2013,5,25,8.162049798,"1"
2013,5,26,6.76737537,"1"
2013,5,27,8.000304186,"1"
2013,5,28,8.867016522,"1"
2013,5,29,8.15594619,"1"
2013,5,30,8.30853639,"1"
2013,5,31,8.000304186,"1"
2014,5,1,-0.06866559,"1"
2014,5,2,0.550850622,"1"
2014,5,3,0.547798818,"1"
2014,5,4,1.524376098,"1"
2014,5,5,2.131685094,"1"
2014,5,6,1.240558326,"1"
2014,5,7,1.62508563,"1"
2014,5,8,1.307698014,"1"
2014,5,9,0.932326122,"1"
2014,5,10,1.634241042,"1"
2014,5,11,2.171358546,"1"
2014,5,12,2.278171686,"1"
2014,5,13,3.331044066,"1"
2014,5,14,4.335087582,"1"
2014,5,15,3.996337338,"1"
2014,5,16,4.289310522,"1"
2014,5,17,5.030898894,"1"
2014,5,18,5.19569631,"1"
2014,5,19,5.796901698,"1"
2014,5,20,6.770427174,"1"
2014,5,21,8.708322714,"1"
2014,5,22,9.19355955,"1"
2014,5,23,8.122376346,"1"
2014,5,24,9.034865742,"1"
2014,5,25,8.116272738,"1"
2014,5,26,8.424504942,"1"
2014,5,27,9.22407759,"1"
2014,5,28,8.101013718,"1"
2014,5,29,7.673761158,"1"
2014,5,30,8.500800042,"1"
2014,5,31,8.747996166,"1"
2015,5,1,1.725795162,"1"
2015,5,2,1.454184606,"1"
2015,5,3,1.149004206,"1"
2015,5,4,1.79293485,"1"
2015,5,5,1.85397093,"1"
2015,5,6,1.994353914,"1"
2015,5,7,2.763408522,"1"
2015,5,8,4.164186558,"1"
2015,5,9,4.664682414,"1"
2015,5,10,4.24963707,"1"
2015,5,11,3.016708254,"1"
2015,5,12,2.888532486,"1"
2015,5,13,2.812237386,"1"
2015,5,14,3.190661082,"1"
2015,5,15,4.567024686,"1"
2015,5,16,5.397115374,"1"
2015,5,17,5.95864731,"1"
2015,5,18,5.751124638,"1"
2015,5,19,4.945448382,"1"
2015,5,20,6.834515058,"1"
2015,5,21,6.999312474,"1"
2015,5,22,7.05729675,"1"
2015,5,23,7.51506735,"1"
2015,5,24,8.41534953,"1"
2015,5,25,7.46929029,"1"
2015,5,26,7.640191314,"1"
2015,5,27,6.788737998,"1"
2015,5,28,7.62188049,"1"
2015,5,29,8.726633538,"1"
2015,5,30,9.11726445,"1"
2015,5,31,9.379719594,"1"
2016,5,1,0.49591815,"1"
2016,5,2,-0.157167906,"1"
2016,5,3,0.715648038,"1"
2016,5,4,0.32806893,"1"
2016,5,5,0.90791169,"1"
2016,5,6,1.28938719,"1"
2016,5,7,2.088959838,"1"
2016,5,8,1.484702646,"1"
2016,5,9,1.994353914,"1"
2016,5,10,2.824444602,"1"
2016,5,11,3.263904378,"1"
2016,5,12,3.865109766,"1"
2016,5,13,3.605706426,"1"
2016,5,14,4.405279074,"1"
2016,5,15,4.899671322,"1"
2016,5,16,5.89761123,"1"
2016,5,17,5.082779562,"1"
2016,5,18,5.461203258,"1"
2016,5,19,5.265887802,"1"
2016,5,20,6.34012281,"1"
2016,5,21,7.490652918,"1"
2016,5,22,7.670709354,"1"
2016,5,23,8.387883294,"1"
2016,5,24,7.380787974,"1"
2016,5,25,6.620888778,"1"
2016,5,26,6.108185706,"1"
2016,5,27,6.227206062,"1"
2016,5,28,6.053253234,"1"
2016,5,29,7.11833283,"1"
2016,5,30,8.235293094,"1"
2016,5,31,8.357365254,"1"
2017,5,1,0.105287238,"1"
2017,5,2,0.57221325,"1"
2017,5,3,-0.395208618,"1"
2017,5,4,-0.337224342,"1"
2017,5,5,1.597619394,"1"
2017,5,6,2.354466786,"1"
2017,5,7,3.01365645,"1"
2017,5,8,4.243533462,"1"
2017,5,9,3.535514934,"1"
2017,5,10,3.297474222,"1"
2017,5,11,3.245593554,"1"
2017,5,12,3.477530658,"1"
2017,5,13,3.636224466,"1"
2017,5,14,4.487677782,"1"
2017,5,15,4.884412302,"1"
2017,5,16,5.342182902,"1"
2017,5,17,4.502936802,"1"
2017,5,18,3.904783218,"1"
2017,5,19,3.285267006,"1"
2017,5,20,4.350346602,"1"
2017,5,21,5.992217154,"1"
2017,5,22,7.402150602,"1"
2017,5,23,7.020675102,"1"
2017,5,24,6.785686194,"1"
2017,5,25,7.335010914,"1"
2017,5,26,8.55268071,"1"
2017,5,27,8.921948994,"1"
2017,5,28,7.954527126,"1"
2017,5,29,7.765315278,"1"
2017,5,30,9.205766766,"1"
2017,5,31,9.77340231,"1"
2018,5,1,-0.45014109,"1"
2018,5,2,0.14496069,"1"
2018,5,3,0.041199354,"1"
2018,5,4,-0.425726658,"1"
2018,5,5,0.624093918,"1"
2018,5,6,1.13679699,"1"
2018,5,7,1.402303938,"1"
2018,5,8,2.085908034,"1"
2018,5,9,2.247653646,"1"
2018,5,10,2.943464958,"1"
2018,5,11,2.641336362,"1"
2018,5,12,2.690165226,"1"
2018,5,13,3.22728273,"1"
2018,5,14,3.935301258,"1"
2018,5,15,3.85290255,"1"
2018,5,16,4.380864642,"1"
2018,5,17,3.15098763,"1"
2018,5,18,3.337147674,"1"
2018,5,19,5.13466023,"1"
2018,5,20,6.72159831,"1"
2018,5,21,6.239413278,"1"
2018,5,22,4.817272614,"1"
2018,5,23,6.764323566,"1"
2018,5,24,7.69817559,"1"
2018,5,25,8.793773226,"1"
2018,5,26,9.001295898,"1"
2018,5,27,8.082702894,"1"
2018,5,28,6.837566862,"1"
2018,5,29,6.581215326,"1"
2018,5,30,6.959639022,"1"
2018,5,31,7.844662182,"1"
2019,5,1,1.631189238,"1"
2019,5,2,1.170366834,"1"
2019,5,3,0.642404742,"1"
2019,5,4,0.105287238,"1"
2019,5,5,-0.074769198,"1"
2019,5,6,0.163271514,"1"
2019,5,7,1.087968126,"1"
2019,5,8,1.789883046,"1"
2019,5,9,2.577248478,"1"
2019,5,10,3.062485314,"1"
2019,5,11,3.880368786,"1"
2019,5,12,3.126573198,"1"
2019,5,13,3.965819298,"1"
2019,5,14,4.411382682,"1"
2019,5,15,5.217058938,"1"
2019,5,16,6.160066374,"1"
2019,5,17,6.495764814,"1"
2019,5,18,7.417409622,"1"
2019,5,19,7.139695458,"1"
2019,5,20,5.503928514,"1"
2019,5,21,5.323872078,"1"
2019,5,22,5.98916535,"1"
2019,5,23,4.579231902,"1"
2019,5,24,6.392003478,"1"
2019,5,25,6.953535414,"1"
2019,5,26,7.490652918,"1"
2019,5,27,7.704279198,"1"
2019,5,28,8.024718618,"1"
2019,5,29,7.83550677,"1"
2019,5,30,7.954527126,"1"
2019,5,31,8.256655722,"1"
2020,5,1,1.936369638,"1"
2020,5,2,1.719691554,"1"
2020,5,3,0.898756278,"1"
2020,5,4,1.44197739,"1"
2020,5,5,2.14389231,"1"
2020,5,6,2.427710082,"1"
2020,5,7,2.742045894,"1"
2020,5,8,3.361562106,"1"
2020,5,9,2.629129146,"1"
2020,5,10,5.183489094,"1"
2020,5,11,4.713511278,"1"
2020,5,12,4.322880366,"1"
2020,5,13,4.530403038,"1"
2020,5,14,4.209963618,"1"
2020,5,15,4.76844375,"1"
2020,5,16,5.876248602,"1"
2020,5,17,4.878308694,"1"
2020,5,18,4.725718494,"1"
2020,5,19,4.869153282,"1"
2020,5,20,5.635156086,"1"
2020,5,21,5.198748114,"1"
2020,5,22,5.94338829,"1"
2020,5,23,7.093918398,"1"
2020,5,24,6.343174614,"1"
2020,5,25,6.495764814,"1"
2020,5,26,7.432668642,"1"
2020,5,27,7.536429978,"1"
2020,5,28,8.119324542,"1"
2020,5,29,8.72052993,"1"
2020,5,30,9.059280174,"1"
2020,5,31,8.656442046,"1"
2021,5,1,-0.932326122,"1"
2021,5,2,-0.224307594,"1"
2021,5,3,1.237506522,"1"
2021,5,4,0.508125366,"1"
2021,5,5,0.013733118,"1"
2021,5,6,0.090028218,"1"
2021,5,7,0.608834898,"1"
2021,5,8,0.822461178,"1"
2021,5,9,1.438925586,"1"
2021,5,10,2.37277761,"1"
2021,5,11,4.032958986,"1"
2021,5,12,3.721674978,"1"
2021,5,13,3.85290255,"1"
2021,5,14,4.075684242,"1"
2021,5,15,3.895627806,"1"
2021,5,16,4.930189362,"1"
2021,5,17,7.045089534,"1"
2021,5,18,6.834515058,"1"
2021,5,19,5.888455818,"1"
2021,5,20,5.265887802,"1"
2021,5,21,5.860989582,"1"
2021,5,22,6.498816618,"1"
2021,5,23,6.898602942,"1"
2021,5,24,7.563896214,"1"
2021,5,25,7.145799066,"1"
2021,5,26,8.81208405,"1"
2021,5,27,8.253603918,"1"
2021,5,28,7.902646458,"1"
2021,5,29,7.89654285,"1"
2021,5,30,7.594414254,"1"
2021,5,31,7.212938754,"1"
2022,5,1,-0.263981046,"1"
2022,5,2,0.248722026,"1"
2022,5,3,0.224307594,"1"
2022,5,4,0.990310398,"1"
2022,5,5,0.532539798,"1"
2022,5,6,1.322957034,"1"
2022,5,7,2.110322466,"1"
2022,5,8,1.771572222,"1"
2022,5,9,2.537575026,"1"
2022,5,10,3.404287362,"1"
2022,5,11,4.383916446,"1"
2022,5,12,3.73083039,"1"
2022,5,13,4.67688963,"1"
2022,5,14,5.98916535,"1"
2022,5,15,5.56191279,"1"
2022,5,16,5.98916535,"1"
2022,5,17,5.992217154,"1"
2022,5,18,6.102082098,"1"
2022,5,19,5.827419738,"1"
2022,5,20,5.772487266,"1"
2022,5,21,6.947431806,"1"
2022,5,22,7.005416082,"1"
2022,5,23,6.434728734,"1"
2022,5,24,7.11833283,"1"
2022,5,25,8.528266278,"1"
2022,5,26,7.872128418,"1"
2022,5,27,8.091858306,"1"
2022,5,28,8.259707526,"1"
2022,5,29,8.412297726,"1"
2022,5,30,8.891430954,"1"
2022,5,31,9.62081211,"1"
2008,4,1,-5.857937778,"2"
2008,4,2,-4.695200454,"2"
2008,4,3,-5.857937778,"2"
2008,4,4,-6.58426713,"2"
2008,4,5,-6.102082098,"2"
2008,4,6,-5.345234706,"2"
2008,4,7,-4.35645021,"2"
2008,4,8,-4.286258718,"2"
2008,4,9,-2.98313841,"2"
2008,4,10,-2.320896942,"2"
2008,4,11,-2.702372442,"2"
2008,4,12,-2.317845138,"2"
2008,4,13,-2.644388166,"2"
2008,4,14,-1.06050189,"2"
2008,4,15,-2.180513958,"2"
2008,4,16,-1.936369638,"2"
2008,4,17,-0.14496069,"2"
2008,4,18,-0.599679486,"2"
2008,4,19,-1.06050189,"2"
2008,4,20,-0.95368875,"2"
2008,4,21,0.965895966,"2"
2008,4,22,0.645456546,"2"
2008,4,23,-0.00762951,"2"
2008,4,24,-0.86213463,"2"
2008,4,25,-0.138857082,"2"
2008,4,26,-0.41962305,"2"
2008,4,27,0.807202158,"2"
2008,4,28,0.474555522,"2"
2008,4,29,2.015716542,"2"
2008,4,30,2.619973734,"2"
2009,4,1,-6.166169982,"2"
2009,4,2,-6.761271762,"2"
2009,4,3,-7.04203773,"2"
2009,4,4,-6.700235682,"2"
2009,4,5,-4.89051591,"2"
2009,4,6,-4.591439118,"2"
2009,4,7,-4.985121834,"2"
2009,4,8,-4.924085754,"2"
2009,4,9,-3.581291994,"2"
2009,4,10,-4.060425222,"2"
2009,4,11,-4.457159742,"2"
2009,4,12,-4.133668518,"2"
2009,4,13,-3.062485314,"2"
2009,4,14,-2.668802598,"2"
2009,4,15,-2.51010879,"2"
2009,4,16,-2.696268834,"2"
2009,4,17,-1.359578682,"2"
2009,4,18,-0.920118906,"2"
2009,4,19,-0.462348306,"2"
2009,4,20,-0.196841358,"2"
2009,4,21,0.87739365,"2"
2009,4,22,-0.001525902,"2"
2009,4,23,0.45014109,"2"
2009,4,24,-0.074769198,"2"
2009,4,25,0.318913518,"2"
2009,4,26,1.084916322,"2"
2009,4,27,1.88448897,"2"
2009,4,28,1.664759082,"2"
2009,4,29,2.549782242,"2"
2009,4,30,3.187609278,"2"
2010,4,1,-5.201799918,"2"
2010,4,2,-4.92103395,"2"
2010,4,3,-5.497824906,"2"
2010,4,4,-5.186540898,"2"
2010,4,5,-3.987181926,"2"
2010,4,6,-3.33409587,"2"
2010,4,7,-4.31067315,"2"
2010,4,8,-4.43274531,"2"
2010,4,9,-3.24254175,"2"
2010,4,10,-2.848859034,"2"
2010,4,11,-3.504996894,"2"
2010,4,12,-3.529411326,"2"
2010,4,13,-2.842755426,"2"
2010,4,14,-2.168306742,"2"
2010,4,15,-2.079804426,"2"
2010,4,16,-0.569161446,"2"
2010,4,17,-0.69428541,"2"
2010,4,18,-0.636301134,"2"
2010,4,19,0.401312226,"2"
2010,4,20,0.001525902,"2"
2010,4,21,0.331120734,"2"
2010,4,22,1.42671837,"2"
2010,4,23,0.242618418,"2"
2010,4,24,0.941481534,"2"
2010,4,25,1.298542602,"2"
2010,4,26,1.41145935,"2"
2010,4,27,1.603723002,"2"
2010,4,28,1.67086269,"2"
2010,4,29,1.738002378,"2"
2010,4,30,2.125581486,"2"
2011,4,1,-6.800945214,"2"
2011,4,2,-7.234301382,"2"
2011,4,3,-6.59952615,"2"
2011,4,4,-6.440832342,"2"
2011,4,5,-5.888455818,"2"
2011,4,6,-5.510032122,"2"
2011,4,7,-4.70740767,"2"
2011,4,8,-3.739985802,"2"
2011,4,9,-3.938353062,"2"
2011,4,10,-3.315785046,"2"
2011,4,11,-1.48775445,"2"
2011,4,12,-1.722743358,"2"
2011,4,13,-1.783779438,"2"
2011,4,14,-0.48065913,"2"
2011,4,15,-1.078812714,"2"
2011,4,16,-0.849927414,"2"
2011,4,17,-0.563057838,"2"
2011,4,18,1.603723002,"2"
2011,4,19,-0.041199354,"2"
2011,4,20,-0.303654498,"2"
2011,4,21,-0.239566614,"2"
2011,4,22,0.58747227,"2"
2011,4,23,1.683069906,"2"
2011,4,24,2.439917298,"2"
2011,4,25,3.086899746,"2"
2011,4,26,1.921110618,"2"
2011,4,27,1.554894138,"2"
2011,4,28,2.116426074,"2"
2011,4,29,1.50301347,"2"
2011,4,30,2.671854402,"2"
2012,4,1,-6.959639022,"2"
2012,4,2,-5.43984063,"2"
2012,4,3,-5.336079294,"2"
2012,4,4,-4.103150478,"2"
2012,4,5,-4.713511278,"2"
2012,4,6,-3.682001526,"2"
2012,4,7,-3.874265178,"2"
2012,4,8,-2.522316006,"2"
2012,4,9,-2.699320638,"2"
2012,4,10,-3.096055158,"2"
2012,4,11,-2.964827586,"2"
2012,4,12,-3.80712549,"2"
2012,4,13,-3.810177294,"2"
2012,4,14,-2.656595382,"2"
2012,4,15,-0.981154986,"2"
2012,4,16,-1.310749818,"2"
2012,4,17,-1.115434362,"2"
2012,4,18,-0.578316858,"2"
2012,4,19,-0.987258594,"2"
2012,4,20,-0.505073562,"2"
2012,4,21,0.074769198,"2"
2012,4,22,0.605783094,"2"
2012,4,23,0.227359398,"2"
2012,4,24,0.721751646,"2"
2012,4,25,1.475547234,"2"
2012,4,26,0.75532149,"2"
2012,4,27,1.618982022,"2"
2012,4,28,2.580300282,"2"
2012,4,29,2.507056986,"2"
2012,4,30,3.688105134,"2"
2013,4,1,-8.23224129,"2"
2013,4,2,-7.597466058,"2"
2013,4,3,-6.739909134,"2"
2013,4,4,-6.700235682,"2"
2013,4,5,-6.37064085,"2"
2013,4,6,-6.849774078,"2"
2013,4,7,-5.74502103,"2"
2013,4,8,-5.357441922,"2"
2013,4,9,-4.075684242,"2"
2013,4,10,-2.955672174,"2"
2013,4,11,-2.52536781,"2"
2013,4,12,-1.997405718,"2"
2013,4,13,-2.214083802,"2"
2013,4,14,-1.80819387,"2"
2013,4,15,-0.898756278,"2"
2013,4,16,-1.704432534,"2"
2013,4,17,-2.085908034,"2"
2013,4,18,-1.847867322,"2"
2013,4,19,-2.165254938,"2"
2013,4,20,-0.840772002,"2"
2013,4,21,0.212100378,"2"
2013,4,22,0.40436403,"2"
2013,4,23,0.047302962,"2"
2013,4,24,0.065613786,"2"
2013,4,25,0.993362202,"2"
2013,4,26,1.551842334,"2"
2013,4,27,1.283283582,"2"
2013,4,28,1.04524287,"2"
2013,4,29,1.142900598,"2"
2013,4,30,1.429770174,"2"
2014,4,1,-6.932172786,"2"
2014,4,2,-6.300449358,"2"
2014,4,3,-5.693140362,"2"
2014,4,4,-5.66872593,"2"
2014,4,5,-5.290302234,"2"
2014,4,6,-5.53139475,"2"
2014,4,7,-4.991225442,"2"
2014,4,8,-3.483634266,"2"
2014,4,9,-3.282215202,"2"
2014,4,10,-3.880368786,"2"
2014,4,11,-3.114365982,"2"
2014,4,12,-3.443960814,"2"
2014,4,13,-3.019760058,"2"
2014,4,14,-3.10521057,"2"
2014,4,15,-1.438925586,"2"
2014,4,16,-0.737010666,"2"
2014,4,17,-1.130693382,"2"
2014,4,18,-0.737010666,"2"
2014,4,19,-0.69428541,"2"
2014,4,20,-0.987258594,"2"
2014,4,21,-0.257877438,"2"
2014,4,22,-0.245670222,"2"
2014,4,23,0.227359398,"2"
2014,4,24,0.138857082,"2"
2014,4,25,-0.46540011,"2"
2014,4,26,0.456244698,"2"
2014,4,27,0.86213463,"2"
2014,4,28,1.74715779,"2"
2014,4,29,2.305637922,"2"
2014,4,30,1.249713738,"2"
2015,4,1,-4.319828562,"2"
2015,4,2,-4.81422081,"2"
2015,4,3,-5.082779562,"2"
2015,4,4,-4.05126981,"2"
2015,4,5,-3.718623174,"2"
2015,4,6,-4.182497382,"2"
2015,4,7,-4.338139386,"2"
2015,4,8,-3.862057962,"2"
2015,4,9,-2.821392798,"2"
2015,4,10,-3.083847942,"2"
2015,4,11,-3.099106962,"2"
2015,4,12,-3.315785046,"2"
2015,4,13,-1.45723641,"2"
2015,4,14,-1.41145935,"2"
2015,4,15,-1.057450086,"2"
2015,4,16,-0.398260422,"2"
2015,4,17,0.828564786,"2"
2015,4,18,-0.108339042,"2"
2015,4,19,-0.508125366,"2"
2015,4,20,0.514228974,"2"
2015,4,21,1.661707278,"2"
2015,4,22,2.12863329,"2"
2015,4,23,2.992293822,"2"
2015,4,24,3.190661082,"2"
2015,4,25,3.132676806,"2"
2015,4,26,1.982146698,"2"
2015,4,27,1.82345289,"2"
2015,4,28,2.54062683,"2"
2015,4,29,2.436865494,"2"
2015,4,30,2.992293822,"2"
2016,4,1,-6.114289314,"2"
2016,4,2,-5.357441922,"2"
2016,4,3,-6.208895238,"2"
2016,4,4,-5.91287025,"2"
2016,4,5,-4.765391946,"2"
2016,4,6,-4.43274531,"2"
2016,4,7,-4.667734218,"2"
2016,4,8,-4.612801746,"2"
2016,4,9,-4.24963707,"2"
2016,4,10,-3.843747138,"2"
2016,4,11,-2.34225957,"2"
2016,4,12,-1.62508563,"2"
2016,4,13,-2.247653646,"2"
2016,4,14,-1.866178146,"2"
2016,4,15,-1.039139262,"2"
2016,4,16,-1.341267858,"2"
2016,4,17,0.321965322,"2"
2016,4,18,0.660715566,"2"
2016,4,19,-0.563057838,"2"
2016,4,20,0.270084654,"2"
2016,4,21,1.277179974,"2"
2016,4,22,0.416571246,"2"
2016,4,23,0.166323318,"2"
2016,4,24,0.096131826,"2"
2016,4,25,2.461279926,"2"
2016,4,26,1.753261398,"2"
2016,4,27,2.217135606,"2"
2016,4,28,2.60166291,"2"
2016,4,29,2.748149502,"2"
2016,4,30,4.176393774,"2"
2017,4,1,-5.970854526,"2"
2017,4,2,-5.207903526,"2"
2017,4,3,-4.72266669,"2"
2017,4,4,-5.146867446,"2"
2017,4,5,-3.892576002,"2"
2017,4,6,-3.773555646,"2"
2017,4,7,-4.576180098,"2"
2017,4,8,-4.054321614,"2"
2017,4,9,-4.072632438,"2"
2017,4,10,-3.99023373,"2"
2017,4,11,-2.275119882,"2"
2017,4,12,-1.817349282,"2"
2017,4,13,-1.38094131,"2"
2017,4,14,-0.621042114,"2"
2017,4,15,-1.25886915,"2"
2017,4,16,-1.12153797,"2"
2017,4,17,-0.822461178,"2"
2017,4,18,0.505073562,"2"
2017,4,19,0.193789554,"2"
2017,4,20,-0.276188262,"2"
2017,4,21,-0.456244698,"2"
2017,4,22,0.224307594,"2"
2017,4,23,0.639352938,"2"
2017,4,24,1.560997746,"2"
2017,4,25,2.58640389,"2"
2017,4,26,2.354466786,"2"
2017,4,27,2.223239214,"2"
2017,4,28,3.038070882,"2"
2017,4,29,3.63927627,"2"
2017,4,30,3.831539922,"2"
2018,4,1,-6.044097822,"2"
2018,4,2,-8.097961914,"2"
2018,4,3,-6.483557598,"2"
2018,4,4,-6.498816618,"2"
2018,4,5,-6.50797203,"2"
2018,4,6,-4.420538094,"2"
2018,4,7,-4.039062594,"2"
2018,4,8,-3.709467762,"2"
2018,4,9,-3.08995155,"2"
2018,4,10,-3.596551014,"2"
2018,4,11,-3.422598186,"2"
2018,4,12,-2.864118054,"2"
2018,4,13,-2.00656113,"2"
2018,4,14,-1.341267858,"2"
2018,4,15,-0.932326122,"2"
2018,4,16,0.337224342,"2"
2018,4,17,1.179522246,"2"
2018,4,18,1.084916322,"2"
2018,4,19,1.326008838,"2"
2018,4,20,0.901808082,"2"
2018,4,21,1.12153797,"2"
2018,4,22,-0.425726658,"2"
2018,4,23,-0.401312226,"2"
2018,4,24,0.398260422,"2"
2018,4,25,1.191729462,"2"
2018,4,26,1.551842334,"2"
2018,4,27,1.530479706,"2"
2018,4,28,2.806133778,"2"
2018,4,29,3.093003354,"2"
2018,4,30,2.732890482,"2"
2019,4,1,-8.406194118,"2"
2019,4,2,-7.185472518,"2"
2019,4,3,-5.781642678,"2"
2019,4,4,-4.286258718,"2"
2019,4,5,-4.130616714,"2"
2019,4,6,-5.82131613,"2"
2019,4,7,-4.731822102,"2"
2019,4,8,-3.691156938,"2"
2019,4,9,-3.544670346,"2"
2019,4,10,-3.111314178,"2"
2019,4,11,-2.90684331,"2"
2019,4,12,-2.72373507,"2"
2019,4,13,-2.992293822,"2"
2019,4,14,-3.05943351,"2"
2019,4,15,-2.38803663,"2"
2019,4,16,-1.219195698,"2"
2019,4,17,-0.72480345,"2"
2019,4,18,-1.469443626,"2"
2019,4,19,-0.730907058,"2"
2019,4,20,-0.93842973,"2"
2019,4,21,0.581368662,"2"
2019,4,22,0.172426926,"2"
2019,4,23,0.218203986,"2"
2019,4,24,0.492866346,"2"
2019,4,25,1.237506522,"2"
2019,4,26,1.09101993,"2"
2019,4,27,1.393148526,"2"
2019,4,28,1.292438994,"2"
2019,4,29,2.110322466,"2"
2019,4,30,3.492789678,"2"
2020,4,1,-6.556800894,"2"
2020,4,2,-5.598534438,"2"
2020,4,3,-5.204851722,"2"
2020,4,4,-4.853894262,"2"
2020,4,5,-5.824367934,"2"
2020,4,6,-5.442892434,"2"
2020,4,7,-4.344242994,"2"
2020,4,8,-3.367665714,"2"
2020,4,9,-3.123521394,"2"
2020,4,10,-2.60166291,"2"
2020,4,11,-2.421606474,"2"
2020,4,12,-1.89974799,"2"
2020,4,13,-1.329060642,"2"
2020,4,14,-1.56404955,"2"
2020,4,15,-1.179522246,"2"
2020,4,16,-0.578316858,"2"
2020,4,17,0.172426926,"2"
2020,4,18,0.00762951,"2"
2020,4,19,0.810253962,"2"
2020,4,20,0.77058051,"2"
2020,4,21,1.896696186,"2"
2020,4,22,2.330052354,"2"
2020,4,23,2.049286386,"2"
2020,4,24,1.622033826,"2"
2020,4,25,1.676966298,"2"
2020,4,26,1.509117078,"2"
2020,4,27,1.728846966,"2"
2020,4,28,2.787822954,"2"
2020,4,29,3.849850746,"2"
2020,4,30,3.529411326,"2"
2021,4,1,-7.310596482,"2"
2021,4,2,-5.488669494,"2"
2021,4,3,-4.667734218,"2"
2021,4,4,-5.54665377,"2"
2021,4,5,-4.72266669,"2"
2021,4,6,-4.213015422,"2"
2021,4,7,-3.633172662,"2"
2021,4,8,-3.66979431,"2"
2021,4,9,-4.075684242,"2"
2021,4,10,-3.840695334,"2"
2021,4,11,-2.87632527,"2"
2021,4,12,-2.198824782,"2"
2021,4,13,-1.084916322,"2"
2021,4,14,0.065613786,"2"
2021,4,15,0.16021971,"2"
2021,4,16,-0.523384386,"2"
2021,4,17,-0.294499086,"2"
2021,4,18,-0.46540011,"2"
2021,4,19,-0.941481534,"2"
2021,4,20,-1.206988482,"2"
2021,4,21,-1.38094131,"2"
2021,4,22,-0.666819174,"2"
2021,4,23,1.74715779,"2"
2021,4,24,1.933317834,"2"
2021,4,25,1.64034465,"2"
2021,4,26,2.482642554,"2"
2021,4,27,2.793926562,"2"
2021,4,28,3.508048698,"2"
2021,4,29,3.590447406,"2"
2021,4,30,5.021743482,"2"
2022,4,1,-4.85999787,"2"
2022,4,2,-4.567024686,"2"
2022,4,3,-3.813229098,"2"
2022,4,4,-4.710459474,"2"
2022,4,5,-4.805065398,"2"
2022,4,6,-3.74608941,"2"
2022,4,7,-3.401235558,"2"
2022,4,8,-3.144884022,"2"
2022,4,9,-3.721674978,"2"
2022,4,10,-4.011596358,"2"
2022,4,11,-3.398183754,"2"
2022,4,12,-2.787822954,"2"
2022,4,13,-2.696268834,"2"
2022,4,14,-0.715648038,"2"
2022,4,15,-0.489814542,"2"
2022,4,16,-0.614938506,"2"
2022,4,17,-1.39620033,"2"
2022,4,18,-0.563057838,"2"
2022,4,19,-0.880445454,"2"
2022,4,20,-0.06866559,"2"
2022,4,21,0.102235434,"2"
2022,4,22,2.241550038,"2"
2022,4,23,1.820401086,"2"
2022,4,24,0.456244698,"2"
2022,4,25,0.849927414,"2"
2022,4,26,2.061493602,"2"
2022,4,27,2.302586118,"2"
2022,4,28,2.549782242,"2"
2022,4,29,2.955672174,"2"
2022,4,30,2.51010879,"2"
2008,5,1,-0.065613786,"2"
2008,5,2,-0.486762738,"2"
2008,5,3,-0.254825634,"2"
2008,5,4,0.187685946,"2"
2008,5,5,1.103227146,"2"
2008,5,6,1.469443626,"2"
2008,5,7,1.82345289,"2"
2008,5,8,2.568093066,"2"
2008,5,9,3.086899746,"2"
2008,5,10,2.95262037,"2"
2008,5,11,2.638284558,"2"
2008,5,12,2.934309546,"2"
2008,5,13,3.758296626,"2"
2008,5,14,3.553825758,"2"
2008,5,15,4.57007649,"2"
2008,5,16,4.383916446,"2"
2008,5,17,3.877316982,"2"
2008,5,18,5.311664862,"2"
2008,5,19,6.184480806,"2"
2008,5,20,5.864041386,"2"
2008,5,21,6.306552966,"2"
2008,5,22,5.88235221,"2"
2008,5,23,7.472342094,"2"
2008,5,24,7.063400358,"2"
2008,5,25,7.444875858,"2"
2008,5,26,8.47638561,"2"
2008,5,27,7.936216302,"2"
2008,5,28,8.143738974,"2"
2008,5,29,8.970777858,"2"
2008,5,30,9.184404138,"2"
2008,5,31,8.503851846,"2"
2009,5,1,0.215152182,"2"
2009,5,2,0.43488207,"2"
2009,5,3,0.990310398,"2"
2009,5,4,0.428778462,"2"
2009,5,5,-0.12970167,"2"
2009,5,6,0.544747014,"2"
2009,5,7,1.268024562,"2"
2009,5,8,2.610818322,"2"
2009,5,9,2.711527854,"2"
2009,5,10,2.818340994,"2"
2009,5,11,4.368657426,"2"
2009,5,12,3.541618542,"2"
2009,5,13,2.882428878,"2"
2009,5,14,3.99023373,"2"
2009,5,15,5.046157914,"2"
2009,5,16,4.866101478,"2"
2009,5,17,6.14175555,"2"
2009,5,18,6.300449358,"2"
2009,5,19,6.346226418,"2"
2009,5,20,6.334019202,"2"
2009,5,21,6.929120982,"2"
2009,5,22,6.941328198,"2"
2009,5,23,7.478445702,"2"
2009,5,24,7.249560402,"2"
2009,5,25,6.974898042,"2"
2009,5,26,6.999312474,"2"
2009,5,27,7.496756526,"2"
2009,5,28,7.463186682,"2"
2009,5,29,7.39299519,"2"
2009,5,30,6.35538183,"2"
2009,5,31,6.666665838,"2"
2010,5,1,-1.036087458,"2"
2010,5,2,-0.72480345,"2"
2010,5,3,-0.123598062,"2"
2010,5,4,0.337224342,"2"
2010,5,5,1.603723002,"2"
2010,5,6,2.84580723,"2"
2010,5,7,2.766460326,"2"
2010,5,8,2.75425311,"2"
2010,5,9,3.080796138,"2"
2010,5,10,3.132676806,"2"
2010,5,11,3.587395602,"2"
2010,5,12,2.867169858,"2"
2010,5,13,3.556877562,"2"
2010,5,14,4.206911814,"2"
2010,5,15,4.81422081,"2"
2010,5,16,4.603646334,"2"
2010,5,17,3.819332706,"2"
2010,5,18,4.92103395,"2"
2010,5,19,5.915922054,"2"
2010,5,20,6.132600138,"2"
2010,5,21,5.067520542,"2"
2010,5,22,5.384908158,"2"
2010,5,23,6.712442898,"2"
2010,5,24,7.569999822,"2"
2010,5,25,7.762263474,"2"
2010,5,26,7.46929029,"2"
2010,5,27,7.029830514,"2"
2010,5,28,7.27092303,"2"
2010,5,29,7.512015546,"2"
2010,5,30,6.453039558,"2"
2010,5,31,8.20172325,"2"
2011,5,1,0.248722026,"2"
2011,5,2,1.16731503,"2"
2011,5,3,0.202944966,"2"
2011,5,4,-0.303654498,"2"
2011,5,5,0.904859886,"2"
2011,5,6,2.23544643,"2"
2011,5,7,2.11337427,"2"
2011,5,8,1.80819387,"2"
2011,5,9,2.137788702,"2"
2011,5,10,3.08995155,"2"
2011,5,11,3.834591726,"2"
2011,5,12,4.26489609,"2"
2011,5,13,4.274051502,"2"
2011,5,14,5.217058938,"2"
2011,5,15,5.345234706,"2"
2011,5,16,5.809108914,"2"
2011,5,17,5.717554794,"2"
2011,5,18,5.619897066,"2"
2011,5,19,4.747081122,"2"
2011,5,20,5.278095018,"2"
2011,5,21,4.734873906,"2"
2011,5,22,4.176393774,"2"
2011,5,23,4.441900722,"2"
2011,5,24,4.682993238,"2"
2011,5,25,6.105133902,"2"
2011,5,26,7.579155234,"2"
2011,5,27,6.959639022,"2"
2011,5,28,6.816204234,"2"
2011,5,29,7.383839778,"2"
2011,5,30,8.088806502,"2"
2011,5,31,7.88128383,"2"
2012,5,1,1.206988482,"2"
2012,5,2,1.966887678,"2"
2012,5,3,1.460288214,"2"
2012,5,4,1.210040286,"2"
2012,5,5,0.697337214,"2"
2012,5,6,1.338216054,"2"
2012,5,7,2.232394626,"2"
2012,5,8,3.248645358,"2"
2012,5,9,2.684061618,"2"
2012,5,10,3.80712549,"2"
2012,5,11,3.358510302,"2"
2012,5,12,4.89051591,"2"
2012,5,13,5.769435462,"2"
2012,5,14,4.866101478,"2"
2012,5,15,3.57824019,"2"
2012,5,16,3.978026514,"2"
2012,5,17,4.777599162,"2"
2012,5,18,4.869153282,"2"
2012,5,19,4.872205086,"2"
2012,5,20,6.108185706,"2"
2012,5,21,6.120392922,"2"
2012,5,22,5.50087671,"2"
2012,5,23,6.150910962,"2"
2012,5,24,7.295337462,"2"
2012,5,25,7.115281026,"2"
2012,5,26,7.389943386,"2"
2012,5,27,7.960630734,"2"
2012,5,28,7.203783342,"2"
2012,5,29,7.19462793,"2"
2012,5,30,7.14885087,"2"
2012,5,31,7.536429978,"2"
2013,5,1,-1.225299306,"2"
2013,5,2,-0.54169521,"2"
2013,5,3,0.367742382,"2"
2013,5,4,-0.273136458,"2"
2013,5,5,1.405355742,"2"
2013,5,6,0.64850835,"2"
2013,5,7,0.410467638,"2"
2013,5,8,0.791943138,"2"
2013,5,9,2.308689726,"2"
2013,5,10,4.161134754,"2"
2013,5,11,4.05126981,"2"
2013,5,12,4.057373418,"2"
2013,5,13,3.016708254,"2"
2013,5,14,2.75425311,"2"
2013,5,15,3.556877562,"2"
2013,5,16,4.582283706,"2"
2013,5,17,3.92919765,"2"
2013,5,18,3.71557137,"2"
2013,5,19,5.427633414,"2"
2013,5,20,5.626000674,"2"
2013,5,21,4.41748629,"2"
2013,5,22,5.125504818,"2"
2013,5,23,7.402150602,"2"
2013,5,24,8.360417058,"2"
2013,5,25,8.01861501,"2"
2013,5,26,6.749064546,"2"
2013,5,27,7.963682538,"2"
2013,5,28,8.84260209,"2"
2013,5,29,8.458074786,"2"
2013,5,30,8.241396702,"2"
2013,5,31,8.192567838,"2"
2014,5,1,0.138857082,"2"
2014,5,2,0.904859886,"2"
2014,5,3,0.608834898,"2"
2014,5,4,1.567101354,"2"
2014,5,5,2.305637922,"2"
2014,5,6,1.393148526,"2"
2014,5,7,1.506065274,"2"
2014,5,8,1.484702646,"2"
2014,5,9,0.926222514,"2"
2014,5,10,1.475547234,"2"
2014,5,11,2.009612934,"2"
2014,5,12,2.314793334,"2"
2014,5,13,3.285267006,"2"
2014,5,14,4.35645021,"2"
2014,5,15,3.916990434,"2"
2014,5,16,4.145875734,"2"
2014,5,17,5.098038582,"2"
2014,5,18,5.244525174,"2"
2014,5,19,5.671777734,"2"
2014,5,20,6.730753722,"2"
2014,5,21,8.574043338,"2"
2014,5,22,9.181352334,"2"
2014,5,23,8.158997994,"2"
2014,5,24,9.17830053,"2"
2014,5,25,8.256655722,"2"
2014,5,26,8.650338438,"2"
2014,5,27,9.07148739,"2"
2014,5,28,8.012511402,"2"
2014,5,29,7.762263474,"2"
2014,5,30,8.525214474,"2"
2014,5,31,8.564887926,"2"
2015,5,1,0.66376737,"2"
2015,5,2,0.20599677,"2"
2015,5,3,-0.016784922,"2"
2015,5,4,1.005569418,"2"
2015,5,5,1.890592578,"2"
2015,5,6,2.055389994,"2"
2015,5,7,0.917067102,"2"
2015,5,8,0.804150354,"2"
2015,5,9,1.084916322,"2"
2015,5,10,2.497901574,"2"
2015,5,11,3.382924734,"2"
2015,5,12,3.199816494,"2"
2015,5,13,2.507056986,"2"
2015,5,14,3.205920102,"2"
2015,5,15,3.889524198,"2"
2015,5,16,3.91393863,"2"
2015,5,17,4.090943262,"2"
2015,5,18,5.055313326,"2"
2015,5,19,5.671777734,"2"
2015,5,20,4.979018226,"2"
2015,5,21,6.321811986,"2"
2015,5,22,7.215990558,"2"
2015,5,23,7.283130246,"2"
2015,5,24,8.116272738,"2"
2015,5,25,7.600517862,"2"
2015,5,26,7.832454966,"2"
2015,5,27,6.633095994,"2"
2015,5,28,7.161058086,"2"
2015,5,29,7.948423518,"2"
2015,5,30,7.853817594,"2"
2015,5,31,7.081711182,"2"
2016,5,1,2.345311374,"2"
2016,5,2,1.83871191,"2"
2016,5,3,2.470435338,"2"
2016,5,4,0.971999574,"2"
2016,5,5,1.100175342,"2"
2016,5,6,1.225299306,"2"
2016,5,7,1.30464621,"2"
2016,5,8,1.841763714,"2"
2016,5,9,2.046234582,"2"
2016,5,10,2.516212398,"2"
2016,5,11,2.60166291,"2"
2016,5,12,4.045166202,"2"
2016,5,13,3.51720411,"2"
2016,5,14,3.392080146,"2"
2016,5,15,3.80712549,"2"
2016,5,16,4.625008962,"2"
2016,5,17,5.824367934,"2"
2016,5,18,4.933241166,"2"
2016,5,19,4.11230589,"2"
2016,5,20,4.55481747,"2"
2016,5,21,5.113297602,"2"
2016,5,22,5.055313326,"2"
2016,5,23,6.025786998,"2"
2016,5,24,5.812160718,"2"
2016,5,25,6.562904502,"2"
2016,5,26,8.168153406,"2"
2016,5,27,8.732737146,"2"
2016,5,28,7.750056258,"2"
2016,5,29,7.466238486,"2"
2016,5,30,7.200731538,"2"
2016,5,31,7.832454966,"2"
2017,5,1,0.224307594,"2"
2017,5,2,1.77767583,"2"
2017,5,3,1.56404955,"2"
2017,5,4,0.798046746,"2"
2017,5,5,1.469443626,"2"
2017,5,6,1.606774806,"2"
2017,5,7,0.935377926,"2"
2017,5,8,1.512168882,"2"
2017,5,9,3.21202371,"2"
2017,5,10,4.008544554,"2"
2017,5,11,3.276111594,"2"
2017,5,12,3.514152306,"2"
2017,5,13,2.873273466,"2"
2017,5,14,2.95262037,"2"
2017,5,15,3.968871102,"2"
2017,5,16,5.864041386,"2"
2017,5,17,6.089874882,"2"
2017,5,18,5.47035867,"2"
2017,5,19,4.957655598,"2"
2017,5,20,5.708399382,"2"
2017,5,21,5.717554794,"2"
2017,5,22,6.27908673,"2"
2017,5,23,6.602577954,"2"
2017,5,24,6.75211635,"2"
2017,5,25,7.066452162,"2"
2017,5,26,6.953535414,"2"
2017,5,27,7.197679734,"2"
2017,5,28,6.11123751,"2"
2017,5,29,6.224154258,"2"
2017,5,30,6.861981294,"2"
2017,5,31,7.490652918,"2"
2018,5,1,-0.233463006,"2"
2018,5,2,0.99946581,"2"
2018,5,3,1.936369638,"2"
2018,5,4,0.86213463,"2"
2018,5,5,0.245670222,"2"
2018,5,6,1.31990523,"2"
2018,5,7,0.889600866,"2"
2018,5,8,1.268024562,"2"
2018,5,9,1.62508563,"2"
2018,5,10,0.956740554,"2"
2018,5,11,1.774624026,"2"
2018,5,12,3.19676469,"2"
2018,5,13,3.123521394,"2"
2018,5,14,3.743037606,"2"
2018,5,15,4.23437805,"2"
2018,5,16,4.255740678,"2"
2018,5,17,4.29541413,"2"
2018,5,18,4.792858182,"2"
2018,5,19,5.351338314,"2"
2018,5,20,6.083771274,"2"
2018,5,21,6.114289314,"2"
2018,5,22,6.85892949,"2"
2018,5,23,7.002364278,"2"
2018,5,24,6.517127442,"2"
2018,5,25,7.86602481,"2"
2018,5,26,9.550620618,"2"
2018,5,27,8.714426322,"2"
2018,5,28,8.284121958,"2"
2018,5,29,9.053176566,"2"
2018,5,30,8.677804674,"2"
2018,5,31,9.230181198,"2"
2019,5,1,-0.111390846,"2"
2019,5,2,-0.593575878,"2"
2019,5,3,-0.605783094,"2"
2019,5,4,-0.227359398,"2"
2019,5,5,1.026932046,"2"
2019,5,6,1.536583314,"2"
2019,5,7,1.127641578,"2"
2019,5,8,1.817349282,"2"
2019,5,9,1.890592578,"2"
2019,5,10,1.292438994,"2"
2019,5,11,2.137788702,"2"
2019,5,12,2.973982998,"2"
2019,5,13,2.864118054,"2"
2019,5,14,3.688105134,"2"
2019,5,15,4.118409498,"2"
2019,5,16,4.606698138,"2"
2019,5,17,5.033950698,"2"
2019,5,18,5.955595506,"2"
2019,5,19,5.549705574,"2"
2019,5,20,5.85183417,"2"
2019,5,21,4.53955845,"2"
2019,5,22,5.815212522,"2"
2019,5,23,5.741969226,"2"
2019,5,24,6.453039558,"2"
2019,5,25,6.193636218,"2"
2019,5,26,6.929120982,"2"
2019,5,27,5.586327222,"2"
2019,5,28,5.92812927,"2"
2019,5,29,6.315708378,"2"
2019,5,30,7.646294922,"2"
2019,5,31,7.252612206,"2"
2020,5,1,0.03814755,"2"
2020,5,2,-0.31280991,"2"
2020,5,3,0.813305766,"2"
2020,5,4,2.058441798,"2"
2020,5,5,2.134736898,"2"
2020,5,6,1.673914494,"2"
2020,5,7,1.322957034,"2"
2020,5,8,3.721674978,"2"
2020,5,9,3.703364154,"2"
2020,5,10,2.717631462,"2"
2020,5,11,4.344242994,"2"
2020,5,12,3.620965446,"2"
2020,5,13,3.47142705,"2"
2020,5,14,4.499884998,"2"
2020,5,15,5.842678758,"2"
2020,5,16,5.940336486,"2"
2020,5,17,5.412374394,"2"
2020,5,18,5.08888317,"2"
2020,5,19,4.603646334,"2"
2020,5,20,5.662622322,"2"
2020,5,21,5.537498358,"2"
2020,5,22,4.60059453,"2"
2020,5,23,5.604638046,"2"
2020,5,24,6.541541874,"2"
2020,5,25,6.785686194,"2"
2020,5,26,8.549628906,"2"
2020,5,27,9.092850018,"2"
2020,5,28,9.245440218,"2"
2020,5,29,8.683908282,"2"
2020,5,30,8.067443874,"2"
2020,5,31,8.311588194,"2"
2021,5,1,2.427710082,"2"
2021,5,2,1.51827249,"2"
2021,5,3,2.476538946,"2"
2021,5,4,1.484702646,"2"
2021,5,5,2.229342822,"2"
2021,5,6,3.550773954,"2"
2021,5,7,4.118409498,"2"
2021,5,8,3.709467762,"2"
2021,5,9,2.912946918,"2"
2021,5,10,2.888532486,"2"
2021,5,11,4.640267982,"2"
2021,5,12,4.57007649,"2"
2021,5,13,3.862057962,"2"
2021,5,14,4.597542726,"2"
2021,5,15,4.213015422,"2"
2021,5,16,4.774547358,"2"
2021,5,17,4.594490922,"2"
2021,5,18,5.36354553,"2"
2021,5,19,5.436788826,"2"
2021,5,20,6.260775906,"2"
2021,5,21,7.322803698,"2"
2021,5,22,7.307544678,"2"
2021,5,23,6.968794434,"2"
2021,5,24,7.020675102,"2"
2021,5,25,7.792781514,"2"
2021,5,26,6.865033098,"2"
2021,5,27,6.75211635,"2"
2021,5,28,7.01151969,"2"
2021,5,29,7.939268106,"2"
2021,5,30,7.310596482,"2"
2021,5,31,7.780574298,"2"
2022,5,1,0.22125579,"2"
2022,5,2,1.515220686,"2"
2022,5,3,1.59456759,"2"
2022,5,4,1.857022734,"2"
2022,5,5,1.890592578,"2"
2022,5,6,3.178453866,"2"
2022,5,7,4.362553818,"2"
2022,5,8,4.765391946,"2"
2022,5,9,4.838635242,"2"
2022,5,10,4.811169006,"2"
2022,5,11,4.930189362,"2"
2022,5,12,4.582283706,"2"
2022,5,13,4.850842458,"2"
2022,5,14,4.655527002,"2"
2022,5,15,5.76028005,"2"
2022,5,16,6.358433634,"2"
2022,5,17,6.205843434,"2"
2022,5,18,6.257724102,"2"
2022,5,19,7.084762986,"2"
2022,5,20,7.914853674,"2"
2022,5,21,6.742960938,"2"
2022,5,22,5.372700942,"2"
2022,5,23,6.633095994,"2"
2022,5,24,8.638131222,"2"
2022,5,25,8.982985074,"2"
2022,5,26,6.422521518,"2"
2022,5,27,6.678873054,"2"
2022,5,28,8.030822226,"2"
2022,5,29,9.156937902,"2"
2022,5,30,9.318683514,"2"
2022,5,31,7.54558539,"2"
2008,4,1,-5.857937778,"3"
2008,4,2,-4.695200454,"3"
2008,4,3,-5.857937778,"3"
2008,4,4,-6.58426713,"3"
2008,4,5,-6.102082098,"3"
2008,4,6,-5.345234706,"3"
2008,4,7,-4.35645021,"3"
2008,4,8,-4.286258718,"3"
2008,4,9,-2.98313841,"3"
2008,4,10,-2.320896942,"3"
2008,4,11,-2.702372442,"3"
2008,4,12,-2.317845138,"3"
2008,4,13,-2.644388166,"3"
2008,4,14,-1.06050189,"3"
2008,4,15,-2.180513958,"3"
2008,4,16,-1.936369638,"3"
2008,4,17,-0.14496069,"3"
2008,4,18,-0.599679486,"3"
2008,4,19,-1.06050189,"3"
2008,4,20,-0.95368875,"3"
2008,4,21,0.965895966,"3"
2008,4,22,0.645456546,"3"
2008,4,23,-0.00762951,"3"
2008,4,24,-0.86213463,"3"
2008,4,25,-0.138857082,"3"
2008,4,26,-0.41962305,"3"
2008,4,27,0.807202158,"3"
2008,4,28,0.474555522,"3"
2008,4,29,2.015716542,"3"
2008,4,30,2.619973734,"3"
2009,4,1,-6.166169982,"3"
2009,4,2,-6.761271762,"3"
2009,4,3,-7.04203773,"3"
2009,4,4,-6.700235682,"3"
2009,4,5,-4.89051591,"3"
2009,4,6,-4.591439118,"3"
2009,4,7,-4.985121834,"3"
2009,4,8,-4.924085754,"3"
2009,4,9,-3.581291994,"3"
2009,4,10,-4.057373418,"3"
2009,4,11,-4.457159742,"3"
2009,4,12,-4.133668518,"3"
2009,4,13,-3.062485314,"3"
2009,4,14,-2.668802598,"3"
2009,4,15,-2.51010879,"3"
2009,4,16,-2.696268834,"3"
2009,4,17,-1.359578682,"3"
2009,4,18,-0.920118906,"3"
2009,4,19,-0.462348306,"3"
2009,4,20,-0.196841358,"3"
2009,4,21,0.87739365,"3"
2009,4,22,-0.001525902,"3"
2009,4,23,0.45014109,"3"
2009,4,24,-0.074769198,"3"
2009,4,25,0.318913518,"3"
2009,4,26,1.084916322,"3"
2009,4,27,1.88448897,"3"
2009,4,28,1.664759082,"3"
2009,4,29,2.549782242,"3"
2009,4,30,3.187609278,"3"
2010,4,1,-5.094986778,"3"
2010,4,2,-4.81422081,"3"
2010,4,3,-5.39406357,"3"
2010,4,4,-5.146867446,"3"
2010,4,5,-3.932249454,"3"
2010,4,6,-3.215075514,"3"
2010,4,7,-4.277103306,"3"
2010,4,8,-4.365605622,"3"
2010,4,9,-3.218127318,"3"
2010,4,10,-2.806133778,"3"
2010,4,11,-3.514152306,"3"
2010,4,12,-3.489737874,"3"
2010,4,13,-2.809185582,"3"
2010,4,14,-2.149995918,"3"
2010,4,15,-2.104218858,"3"
2010,4,16,-0.57221325,"3"
2010,4,17,-0.69428541,"3"
2010,4,18,-0.584420466,"3"
2010,4,19,0.413519442,"3"
2010,4,20,-0.001525902,"3"
2010,4,21,0.325017126,"3"
2010,4,22,1.399252134,"3"
2010,4,23,0.19073775,"3"
2010,4,24,0.947585142,"3"
2010,4,25,1.28938719,"3"
2010,4,26,1.414511154,"3"
2010,4,27,1.631189238,"3"
2010,4,28,1.756313202,"3"
2010,4,29,1.734950574,"3"
2010,4,30,2.131685094,"3"
2011,4,1,-6.810100626,"3"
2011,4,2,-7.28618205,"3"
2011,4,3,-6.514075638,"3"
2011,4,4,-6.11123751,"3"
2011,4,5,-5.864041386,"3"
2011,4,6,-5.40932259,"3"
2011,4,7,-4.588387314,"3"
2011,4,8,-3.611810034,"3"
2011,4,9,-3.926145846,"3"
2011,4,10,-3.279163398,"3"
2011,4,11,-1.310749818,"3"
2011,4,12,-1.658655474,"3"
2011,4,13,-1.521324294,"3"
2011,4,14,-0.370794186,"3"
2011,4,15,-0.910963494,"3"
2011,4,16,-0.859082826,"3"
2011,4,17,-0.422674854,"3"
2011,4,18,1.643396454,"3"
2011,4,19,-0.196841358,"3"
2011,4,20,-0.355535166,"3"
2011,4,21,-0.245670222,"3"
2011,4,22,0.477607326,"3"
2011,4,23,1.615930218,"3"
2011,4,24,2.409399258,"3"
2011,4,25,2.940413154,"3"
2011,4,26,2.000457522,"3"
2011,4,27,1.710536142,"3"
2011,4,28,2.03707917,"3"
2011,4,29,1.454184606,"3"
2011,4,30,2.64743997,"3"
2012,4,1,-6.61478517,"3"
2012,4,2,-5.68398495,"3"
2012,4,3,-5.311664862,"3"
2012,4,4,-3.825436314,"3"
2012,4,5,-4.408330878,"3"
2012,4,6,-3.447012618,"3"
2012,4,7,-3.68505333,"3"
2012,4,8,-2.44907271,"3"
2012,4,9,-2.595559302,"3"
2012,4,10,-3.123521394,"3"
2012,4,11,-2.681009814,"3"
2012,4,12,-3.627069054,"3"
2012,4,13,-3.727778586,"3"
2012,4,14,-2.848859034,"3"
2012,4,15,-1.286335386,"3"
2012,4,16,-1.33516425,"3"
2012,4,17,-1.057450086,"3"
2012,4,18,-0.462348306,"3"
2012,4,19,-0.788891334,"3"
2012,4,20,-0.41962305,"3"
2012,4,21,-0.02288853,"3"
2012,4,22,0.727855254,"3"
2012,4,23,0.22125579,"3"
2012,4,24,0.566109642,"3"
2012,4,25,1.377889506,"3"
2012,4,26,0.761425098,"3"
2012,4,27,1.570153158,"3"
2012,4,28,2.604714714,"3"
2012,4,29,2.610818322,"3"
2012,4,30,3.559929366,"3"
2013,4,1,-8.15594619,"3"
2013,4,2,-7.353321738,"3"
2013,4,3,-6.596474346,"3"
2013,4,4,-6.773478978,"3"
2013,4,5,-6.35538183,"3"
2013,4,6,-6.64530321,"3"
2013,4,7,-5.50087671,"3"
2013,4,8,-5.339131098,"3"
2013,4,9,-4.057373418,"3"
2013,4,10,-2.812237386,"3"
2013,4,11,-2.259860862,"3"
2013,4,12,-2.207980194,"3"
2013,4,13,-2.183565762,"3"
2013,4,14,-1.829556498,"3"
2013,4,15,-0.895704474,"3"
2013,4,16,-1.509117078,"3"
2013,4,17,-1.951628658,"3"
2013,4,18,-2.00656113,"3"
2013,4,19,-2.095063446,"3"
2013,4,20,-0.840772002,"3"
2013,4,21,0.459296502,"3"
2013,4,22,0.581368662,"3"
2013,4,23,-0.074769198,"3"
2013,4,24,-0.218203986,"3"
2013,4,25,1.219195698,"3"
2013,4,26,1.344319662,"3"
2013,4,27,1.341267858,"3"
2013,4,28,0.975051378,"3"
2013,4,29,1.393148526,"3"
2013,4,30,1.173418638,"3"
2014,4,1,-6.79789341,"3"
2014,4,2,-6.037994214,"3"
2014,4,3,-5.873196798,"3"
2014,4,4,-5.479514082,"3"
2014,4,5,-5.360493726,"3"
2014,4,6,-5.436788826,"3"
2014,4,7,-4.76844375,"3"
2014,4,8,-3.389028342,"3"
2014,4,9,-3.352406694,"3"
2014,4,10,-3.932249454,"3"
2014,4,11,-3.157091238,"3"
2014,4,12,-3.263904378,"3"
2014,4,13,-3.144884022,"3"
2014,4,14,-2.668802598,"3"
2014,4,15,-1.356526878,"3"
2014,4,16,-0.767528706,"3"
2014,4,17,-1.112382558,"3"
2014,4,18,-0.651560154,"3"
2014,4,19,-0.852979218,"3"
2014,4,20,-0.883497258,"3"
2014,4,21,-0.31280991,"3"
2014,4,22,-0.379949598,"3"
2014,4,23,0.45014109,"3"
2014,4,24,0.202944966,"3"
2014,4,25,-0.288395478,"3"
2014,4,26,0.401312226,"3"
2014,4,27,1.020828438,"3"
2014,4,28,1.74715779,"3"
2014,4,29,2.241550038,"3"
2014,4,30,1.393148526,"3"
2015,4,1,-5.894559426,"3"
2015,4,2,-4.634164374,"3"
2015,4,3,-5.537498358,"3"
2015,4,4,-5.192644506,"3"
2015,4,5,-4.902723126,"3"
2015,4,6,-4.643319786,"3"
2015,4,7,-3.892576002,"3"
2015,4,8,-3.080796138,"3"
2015,4,9,-3.99023373,"3"
2015,4,10,-4.270999698,"3"
2015,4,11,-3.566032974,"3"
2015,4,12,-2.391088434,"3"
2015,4,13,-1.484702646,"3"
2015,4,14,-1.002517614,"3"
2015,4,15,-0.325017126,"3"
2015,4,16,0.166323318,"3"
2015,4,17,0.248722026,"3"
2015,4,18,-0.178530534,"3"
2015,4,19,0.00762951,"3"
2015,4,20,2.085908034,"3"
2015,4,21,2.73899409,"3"
2015,4,22,2.024871954,"3"
2015,4,23,0.987258594,"3"
2015,4,24,1.765468614,"3"
2015,4,25,2.314793334,"3"
2015,4,26,2.35751859,"3"
2015,4,27,1.130693382,"3"
2015,4,28,1.026932046,"3"
2015,4,29,1.374837702,"3"
2015,4,30,1.988250306,"3"
2016,4,1,-6.825359646,"3"
2016,4,2,-5.467306866,"3"
2016,4,3,-3.88342059,"3"
2016,4,4,-5.070572346,"3"
2016,4,5,-5.354390118,"3"
2016,4,6,-5.436788826,"3"
2016,4,7,-6.40115889,"3"
2016,4,8,-5.418478002,"3"
2016,4,9,-4.197756402,"3"
2016,4,10,-3.767452038,"3"
2016,4,11,-4.103150478,"3"
2016,4,12,-2.623025538,"3"
2016,4,13,-2.760356718,"3"
2016,4,14,-2.70847605,"3"
2016,4,15,-1.41145935,"3"
2016,4,16,-0.672922782,"3"
2016,4,17,-0.578316858,"3"
2016,4,18,-0.929274318,"3"
2016,4,19,0.096131826,"3"
2016,4,20,0.57221325,"3"
2016,4,21,0.209048574,"3"
2016,4,22,-0.41962305,"3"
2016,4,23,-0.254825634,"3"
2016,4,24,-0.077821002,"3"
2016,4,25,0.050354766,"3"
2016,4,26,0.230411202,"3"
2016,4,27,2.757304914,"3"
2016,4,28,2.751201306,"3"
2016,4,29,3.68505333,"3"
2016,4,30,5.296405842,"3"
2017,4,1,-5.71450299,"3"
2017,4,2,-5.53139475,"3"
2017,4,3,-4.612801746,"3"
2017,4,4,-3.44090901,"3"
2017,4,5,-5.33302749,"3"
2017,4,6,-6.105133902,"3"
2017,4,7,-5.055313326,"3"
2017,4,8,-3.941404866,"3"
2017,4,9,-3.129625002,"3"
2017,4,10,-3.767452038,"3"
2017,4,11,-3.004501038,"3"
2017,4,12,-3.071640726,"3"
2017,4,13,-2.34225957,"3"
2017,4,14,-2.751201306,"3"
2017,4,15,-2.592507498,"3"
2017,4,16,-2.095063446,"3"
2017,4,17,-1.31990523,"3"
2017,4,18,0.102235434,"3"
2017,4,19,0.157167906,"3"
2017,4,20,-0.49591815,"3"
2017,4,21,0.300602694,"3"
2017,4,22,1.057450086,"3"
2017,4,23,0.410467638,"3"
2017,4,24,1.661707278,"3"
2017,4,25,3.520255914,"3"
2017,4,26,2.93736135,"3"
2017,4,27,2.977034802,"3"
2017,4,28,3.53246313,"3"
2017,4,29,3.920042238,"3"
2017,4,30,4.655527002,"3"
2018,4,1,-6.572059914,"3"
2018,4,2,-7.075607574,"3"
2018,4,3,-6.001372566,"3"
2018,4,4,-5.415426198,"3"
2018,4,5,-5.116349406,"3"
2018,4,6,-4.701304062,"3"
2018,4,7,-4.191652794,"3"
2018,4,8,-4.487677782,"3"
2018,4,9,-4.26489609,"3"
2018,4,10,-4.805065398,"3"
2018,4,11,-4.170290166,"3"
2018,4,12,-4.347294798,"3"
2018,4,13,-4.32593217,"3"
2018,4,14,-3.895627806,"3"
2018,4,15,-1.881437166,"3"
2018,4,16,-1.16731503,"3"
2018,4,17,-0.700389018,"3"
2018,4,18,-1.124589774,"3"
2018,4,19,-1.615930218,"3"
2018,4,20,-0.825512982,"3"
2018,4,21,-0.276188262,"3"
2018,4,22,-0.25177383,"3"
2018,4,23,0.09918363,"3"
2018,4,24,0.69428541,"3"
2018,4,25,0.352483362,"3"
2018,4,26,0.856031022,"3"
2018,4,27,1.789883046,"3"
2018,4,28,1.231402914,"3"
2018,4,29,1.002517614,"3"
2018,4,30,2.192721174,"3"
2019,4,1,-6.053253234,"3"
2019,4,2,-5.000380854,"3"
2019,4,3,-4.426641702,"3"
2019,4,4,-3.544670346,"3"
2019,4,5,-3.877316982,"3"
2019,4,6,-3.840695334,"3"
2019,4,7,-3.590447406,"3"
2019,4,8,-3.331044066,"3"
2019,4,9,-2.763408522,"3"
2019,4,10,-3.251697162,"3"
2019,4,11,-2.931257742,"3"
2019,4,12,-3.382924734,"3"
2019,4,13,-3.733882194,"3"
2019,4,14,-3.587395602,"3"
2019,4,15,-2.516212398,"3"
2019,4,16,-1.957732266,"3"
2019,4,17,-0.437933874,"3"
2019,4,18,-0.00762951,"3"
2019,4,19,-0.41962305,"3"
2019,4,20,0.431830266,"3"
2019,4,21,1.24361013,"3"
2019,4,22,0.169375122,"3"
2019,4,23,0.245670222,"3"
2019,4,24,0.459296502,"3"
2019,4,25,0.81635757,"3"
2019,4,26,0.749217882,"3"
2019,4,27,1.158159618,"3"
2019,4,28,3.230334534,"3"
2019,4,29,3.24254175,"3"
2019,4,30,3.080796138,"3"
2020,4,1,-3.035019078,"3"
2020,4,2,-3.886472394,"3"
2020,4,3,-4.216067226,"3"
2020,4,4,-4.771495554,"3"
2020,4,5,-5.018691678,"3"
2020,4,6,-3.477530658,"3"
2020,4,7,-2.986190214,"3"
2020,4,8,-2.76951213,"3"
2020,4,9,-1.127641578,"3"
2020,4,10,-1.02998385,"3"
2020,4,11,-1.57930857,"3"
2020,4,12,-1.280231778,"3"
2020,4,13,-0.856031022,"3"
2020,4,14,-0.840772002,"3"
2020,4,15,-1.042191066,"3"
2020,4,16,-1.51827249,"3"
2020,4,17,-1.393148526,"3"
2020,4,18,-1.576256766,"3"
2020,4,19,-1.48775445,"3"
2020,4,20,0.486762738,"3"
2020,4,21,-0.489814542,"3"
2020,4,22,-1.127641578,"3"
2020,4,23,-0.895704474,"3"
2020,4,24,0.019836726,"3"
2020,4,25,1.811245674,"3"
2020,4,26,2.275119882,"3"
2020,4,27,1.39620033,"3"
2020,4,28,2.244601842,"3"
2020,4,29,3.22728273,"3"
2020,4,30,3.94445667,"3"
2021,4,1,-5.223162546,"3"
2021,4,2,-5.732813814,"3"
2021,4,3,-5.671777734,"3"
2021,4,4,-5.519187534,"3"
2021,4,5,-5.519187534,"3"
2021,4,6,-4.643319786,"3"
2021,4,7,-4.11230589,"3"
2021,4,8,-3.230334534,"3"
2021,4,9,-3.056381706,"3"
2021,4,10,-3.08995155,"3"
2021,4,11,-2.369725806,"3"
2021,4,12,-2.885480682,"3"
2021,4,13,-2.69321703,"3"
2021,4,14,-0.688181802,"3"
2021,4,15,-0.505073562,"3"
2021,4,16,-0.279240066,"3"
2021,4,17,-0.605783094,"3"
2021,4,18,-1.21309209,"3"
2021,4,19,-2.391088434,"3"
2021,4,20,-1.316853426,"3"
2021,4,21,-0.474555522,"3"
2021,4,22,-0.309758106,"3"
2021,4,23,0.401312226,"3"
2021,4,24,2.226291018,"3"
2021,4,25,1.252765542,"3"
2021,4,26,1.203936678,"3"
2021,4,27,1.210040286,"3"
2021,4,28,3.01365645,"3"
2021,4,29,2.43381369,"3"
2021,4,30,2.842755426,"3"
2022,4,1,-4.475470566,"3"
2022,4,2,-5.415426198,"3"
2022,4,3,-5.568016398,"3"
2022,4,4,-5.418478002,"3"
2022,4,5,-5.229266154,"3"
2022,4,6,-3.953612082,"3"
2022,4,7,-3.306629634,"3"
2022,4,8,-3.315785046,"3"
2022,4,9,-3.541618542,"3"
2022,4,10,-2.58640389,"3"
2022,4,11,-2.119477878,"3"
2022,4,12,-2.41855467,"3"
2022,4,13,-2.687113422,"3"
2022,4,14,-1.887540774,"3"
2022,4,15,-0.096131826,"3"
2022,4,16,0.86213463,"3"
2022,4,17,-0.291447282,"3"
2022,4,18,0.935377926,"3"
2022,4,19,0.819409374,"3"
2022,4,20,-0.242618418,"3"
2022,4,21,-0.11444265,"3"
2022,4,22,1.478599038,"3"
2022,4,23,2.879377074,"3"
2022,4,24,2.28122349,"3"
2022,4,25,1.692225318,"3"
2022,4,26,1.478599038,"3"
2022,4,27,1.301594406,"3"
2022,4,28,2.61692193,"3"
2022,4,29,3.697260546,"3"
2022,4,30,4.90577493,"3"
2008,5,1,-0.065613786,"3"
2008,5,2,-0.486762738,"3"
2008,5,3,-0.254825634,"3"
2008,5,4,0.187685946,"3"
2008,5,5,1.103227146,"3"
2008,5,6,1.469443626,"3"
2008,5,7,1.82345289,"3"
2008,5,8,2.568093066,"3"
2008,5,9,3.086899746,"3"
2008,5,10,2.95262037,"3"
2008,5,11,2.638284558,"3"
2008,5,12,2.934309546,"3"
2008,5,13,3.758296626,"3"
2008,5,14,3.553825758,"3"
2008,5,15,4.57007649,"3"
2008,5,16,4.380864642,"3"
2008,5,17,3.877316982,"3"
2008,5,18,5.311664862,"3"
2008,5,19,6.184480806,"3"
2008,5,20,5.864041386,"3"
2008,5,21,6.306552966,"3"
2008,5,22,5.88235221,"3"
2008,5,23,7.472342094,"3"
2008,5,24,7.063400358,"3"
2008,5,25,7.444875858,"3"
2008,5,26,8.47638561,"3"
2008,5,27,7.936216302,"3"
2008,5,28,8.143738974,"3"
2008,5,29,8.970777858,"3"
2008,5,30,9.184404138,"3"
2008,5,31,8.503851846,"3"
2009,5,1,0.218203986,"3"
2009,5,2,0.43488207,"3"
2009,5,3,0.990310398,"3"
2009,5,4,0.428778462,"3"
2009,5,5,-0.12970167,"3"
2009,5,6,0.544747014,"3"
2009,5,7,1.268024562,"3"
2009,5,8,2.607766518,"3"
2009,5,9,2.711527854,"3"
2009,5,10,2.818340994,"3"
2009,5,11,4.368657426,"3"
2009,5,12,3.541618542,"3"
2009,5,13,2.882428878,"3"
2009,5,14,3.99023373,"3"
2009,5,15,5.046157914,"3"
2009,5,16,4.866101478,"3"
2009,5,17,6.14175555,"3"
2009,5,18,6.300449358,"3"
2009,5,19,6.346226418,"3"
2009,5,20,6.334019202,"3"
2009,5,21,6.929120982,"3"
2009,5,22,6.941328198,"3"
2009,5,23,7.478445702,"3"
2009,5,24,7.249560402,"3"
2009,5,25,6.974898042,"3"
2009,5,26,6.999312474,"3"
2009,5,27,7.496756526,"3"
2009,5,28,7.463186682,"3"
2009,5,29,7.39299519,"3"
2009,5,30,6.35538183,"3"
2009,5,31,6.666665838,"3"
2010,5,1,-1.072709106,"3"
2010,5,2,-0.712596234,"3"
2010,5,3,-0.196841358,"3"
2010,5,4,0.331120734,"3"
2010,5,5,1.591515786,"3"
2010,5,6,2.851910838,"3"
2010,5,7,2.76951213,"3"
2010,5,8,2.696268834,"3"
2010,5,9,3.083847942,"3"
2010,5,10,3.144884022,"3"
2010,5,11,3.59349921,"3"
2010,5,12,2.885480682,"3"
2010,5,13,3.584343798,"3"
2010,5,14,4.255740678,"3"
2010,5,15,4.808117202,"3"
2010,5,16,4.628060766,"3"
2010,5,17,3.819332706,"3"
2010,5,18,4.92103395,"3"
2010,5,19,5.92812927,"3"
2010,5,20,6.123444726,"3"
2010,5,21,5.055313326,"3"
2010,5,22,5.369649138,"3"
2010,5,23,6.703287486,"3"
2010,5,24,7.554740802,"3"
2010,5,25,7.701227394,"3"
2010,5,26,7.478445702,"3"
2010,5,27,7.023726906,"3"
2010,5,28,7.277026638,"3"
2010,5,29,7.54558539,"3"
2010,5,30,6.398107086,"3"
2010,5,31,8.207826858,"3"
2011,5,1,-0.044251158,"3"
2011,5,2,0.981154986,"3"
2011,5,3,0.40436403,"3"
2011,5,4,-0.474555522,"3"
2011,5,5,0.914015298,"3"
2011,5,6,2.168306742,"3"
2011,5,7,2.269016274,"3"
2011,5,8,1.866178146,"3"
2011,5,9,1.97604309,"3"
2011,5,10,3.007552842,"3"
2011,5,11,4.032958986,"3"
2011,5,12,4.225222638,"3"
2011,5,13,4.167238362,"3"
2011,5,14,5.152971054,"3"
2011,5,15,5.543601966,"3"
2011,5,16,5.83657515,"3"
2011,5,17,5.915922054,"3"
2011,5,18,5.595482634,"3"
2011,5,19,4.902723126,"3"
2011,5,20,5.476462278,"3"
2011,5,21,4.536506646,"3"
2011,5,22,4.292362326,"3"
2011,5,23,4.606698138,"3"
2011,5,24,4.667734218,"3"
2011,5,25,6.196688022,"3"
2011,5,26,7.527274566,"3"
2011,5,27,6.91996557,"3"
2011,5,28,6.892499334,"3"
2011,5,29,7.341114522,"3"
2011,5,30,7.872128418,"3"
2011,5,31,7.582207038,"3"
2012,5,1,1.130693382,"3"
2012,5,2,2.02182015,"3"
2012,5,3,1.499961666,"3"
2012,5,4,1.307698014,"3"
2012,5,5,0.685129998,"3"
2012,5,6,1.377889506,"3"
2012,5,7,2.14389231,"3"
2012,5,8,3.30357783,"3"
2012,5,9,2.81528919,"3"
2012,5,10,3.767452038,"3"
2012,5,11,3.358510302,"3"
2012,5,12,4.786754574,"3"
2012,5,13,5.72976201,"3"
2012,5,14,4.777599162,"3"
2012,5,15,3.599602818,"3"
2012,5,16,4.060425222,"3"
2012,5,17,4.820324418,"3"
2012,5,18,4.835583438,"3"
2012,5,19,4.927137558,"3"
2012,5,20,6.153962766,"3"
2012,5,21,5.864041386,"3"
2012,5,22,5.680933146,"3"
2012,5,23,6.260775906,"3"
2012,5,24,7.405202406,"3"
2012,5,25,7.234301382,"3"
2012,5,26,7.328907306,"3"
2012,5,27,7.801936926,"3"
2012,5,28,7.084762986,"3"
2012,5,29,6.819256038,"3"
2012,5,30,7.145799066,"3"
2012,5,31,7.710382806,"3"
2013,5,1,-1.295490798,"3"
2013,5,2,-0.691233606,"3"
2013,5,3,0.575265054,"3"
2013,5,4,-0.126649866,"3"
2013,5,5,1.176470442,"3"
2013,5,6,0.86213463,"3"
2013,5,7,0.444037482,"3"
2013,5,8,0.767528706,"3"
2013,5,9,2.330052354,"3"
2013,5,10,4.170290166,"3"
2013,5,11,3.996337338,"3"
2013,5,12,4.087891458,"3"
2013,5,13,3.07469253,"3"
2013,5,14,2.58640389,"3"
2013,5,15,3.550773954,"3"
2013,5,16,4.60059453,"3"
2013,5,17,3.834591726,"3"
2013,5,18,3.962767494,"3"
2013,5,19,5.159074662,"3"
2013,5,20,5.632104282,"3"
2013,5,21,4.374761034,"3"
2013,5,22,5.040054306,"3"
2013,5,23,7.386891582,"3"
2013,5,24,8.131531758,"3"
2013,5,25,8.07965109,"3"
2013,5,26,6.898602942,"3"
2013,5,27,8.12542815,"3"
2013,5,28,8.915845386,"3"
2013,5,29,8.296329174,"3"
2013,5,30,8.250552114,"3"
2013,5,31,8.198671446,"3"
2014,5,1,0.126649866,"3"
2014,5,2,0.764476902,"3"
2014,5,3,0.581368662,"3"
2014,5,4,1.750209594,"3"
2014,5,5,2.232394626,"3"
2014,5,6,1.252765542,"3"
2014,5,7,1.65560367,"3"
2014,5,8,1.51827249,"3"
2014,5,9,0.80109855,"3"
2014,5,10,1.408407546,"3"
2014,5,11,2.186617566,"3"
2014,5,12,2.223239214,"3"
2014,5,13,3.22728273,"3"
2014,5,14,4.53955845,"3"
2014,5,15,3.968871102,"3"
2014,5,16,4.435797114,"3"
2014,5,17,5.091934974,"3"
2014,5,18,5.268939606,"3"
2014,5,19,5.629052478,"3"
2014,5,20,6.831463254,"3"
2014,5,21,8.281070154,"3"
2014,5,22,9.175248726,"3"
2014,5,23,8.055236658,"3"
2014,5,24,9.150834294,"3"
2014,5,25,8.265811134,"3"
2014,5,26,8.561836122,"3"
2014,5,27,9.294269082,"3"
2014,5,28,7.94231991,"3"
2014,5,29,7.832454966,"3"
2014,5,30,8.641183026,"3"
2014,5,31,8.342106234,"3"
2015,5,1,-1.07576091,"3"
2015,5,2,0.224307594,"3"
2015,5,3,1.484702646,"3"
2015,5,4,1.252765542,"3"
2015,5,5,1.438925586,"3"
2015,5,6,2.214083802,"3"
2015,5,7,2.11337427,"3"
2015,5,8,2.23544643,"3"
2015,5,9,1.554894138,"3"
2015,5,10,2.778667542,"3"
2015,5,11,2.946516762,"3"
2015,5,12,2.73899409,"3"
2015,5,13,3.89867961,"3"
2015,5,14,4.44800433,"3"
2015,5,15,4.191652794,"3"
2015,5,16,4.69214865,"3"
2015,5,17,5.397115374,"3"
2015,5,18,5.833523346,"3"
2015,5,19,5.30250945,"3"
2015,5,20,5.436788826,"3"
2015,5,21,5.803005306,"3"
2015,5,22,5.473410474,"3"
2015,5,23,6.764323566,"3"
2015,5,24,6.73685733,"3"
2015,5,25,7.341114522,"3"
2015,5,26,7.80498873,"3"
2015,5,27,8.729685342,"3"
2015,5,28,8.55268071,"3"
2015,5,29,8.122376346,"3"
2015,5,30,9.26985465,"3"
2015,5,31,6.587318934,"3"
2016,5,1,1.405355742,"3"
2016,5,2,1.200884874,"3"
2016,5,3,0.447089286,"3"
2016,5,4,0.749217882,"3"
2016,5,5,0.804150354,"3"
2016,5,6,0.852979218,"3"
2016,5,7,2.323948746,"3"
2016,5,8,3.218127318,"3"
2016,5,9,2.995345626,"3"
2016,5,10,2.72373507,"3"
2016,5,11,1.96078407,"3"
2016,5,12,2.140840506,"3"
2016,5,13,4.591439118,"3"
2016,5,14,5.77553907,"3"
2016,5,15,4.457159742,"3"
2016,5,16,2.796978366,"3"
2016,5,17,4.237429854,"3"
2016,5,18,4.96681101,"3"
2016,5,19,5.055313326,"3"
2016,5,20,6.12649653,"3"
2016,5,21,6.468298578,"3"
2016,5,22,5.674829538,"3"
2016,5,23,6.367589046,"3"
2016,5,24,6.349278222,"3"
2016,5,25,6.007476174,"3"
2016,5,26,5.726710206,"3"
2016,5,27,7.04203773,"3"
2016,5,28,8.738840754,"3"
2016,5,29,8.409245922,"3"
2016,5,30,8.168153406,"3"
2016,5,31,7.322803698,"3"
2017,5,1,0.514228974,"3"
2017,5,2,0.78583953,"3"
2017,5,3,0.337224342,"3"
2017,5,4,-0.132753474,"3"
2017,5,5,1.249713738,"3"
2017,5,6,1.554894138,"3"
2017,5,7,1.460288214,"3"
2017,5,8,2.864118054,"3"
2017,5,9,3.865109766,"3"
2017,5,10,4.338139386,"3"
2017,5,11,4.58533551,"3"
2017,5,12,4.08178785,"3"
2017,5,13,4.21911903,"3"
2017,5,14,3.224230926,"3"
2017,5,15,3.57824019,"3"
2017,5,16,3.199816494,"3"
2017,5,17,3.749141214,"3"
2017,5,18,4.924085754,"3"
2017,5,19,4.362553818,"3"
2017,5,20,5.47035867,"3"
2017,5,21,6.337071006,"3"
2017,5,22,6.926069178,"3"
2017,5,23,6.88944753,"3"
2017,5,24,7.176317106,"3"
2017,5,25,6.96574263,"3"
2017,5,26,7.731745434,"3"
2017,5,27,8.485541022,"3"
2017,5,28,8.189516034,"3"
2017,5,29,8.302432782,"3"
2017,5,30,8.610664986,"3"
2017,5,31,8.494696434,"3"
2018,5,1,0.044251158,"3"
2018,5,2,-0.169375122,"3"
2018,5,3,0.834668394,"3"
2018,5,4,-0.29755089,"3"
2018,5,5,0.920118906,"3"
2018,5,6,1.606774806,"3"
2018,5,7,2.561989458,"3"
2018,5,8,3.239489946,"3"
2018,5,9,2.839703622,"3"
2018,5,10,2.040130974,"3"
2018,5,11,2.055389994,"3"
2018,5,12,2.67795801,"3"
2018,5,13,3.160143042,"3"
2018,5,14,4.057373418,"3"
2018,5,15,4.225222638,"3"
2018,5,16,5.34828651,"3"
2018,5,17,5.02784709,"3"
2018,5,18,5.064468738,"3"
2018,5,19,5.11940121,"3"
2018,5,20,5.125504818,"3"
2018,5,21,5.445944238,"3"
2018,5,22,5.43984063,"3"
2018,5,23,5.458151454,"3"
2018,5,24,7.002364278,"3"
2018,5,25,6.260775906,"3"
2018,5,26,6.535438266,"3"
2018,5,27,5.14991925,"3"
2018,5,28,7.215990558,"3"
2018,5,29,7.71343461,"3"
2018,5,30,7.182420714,"3"
2018,5,31,7.692071982,"3"
2019,5,1,-0.444037482,"3"
2019,5,2,0.590524074,"3"
2019,5,3,0.95368875,"3"
2019,5,4,1.643396454,"3"
2019,5,5,0.425726658,"3"
2019,5,6,1.490806254,"3"
2019,5,7,2.412451062,"3"
2019,5,8,2.012664738,"3"
2019,5,9,3.236438142,"3"
2019,5,10,3.346303086,"3"
2019,5,11,4.35645021,"3"
2019,5,12,4.695200454,"3"
2019,5,13,4.332035778,"3"
2019,5,14,4.85999787,"3"
2019,5,15,5.186540898,"3"
2019,5,16,5.76028005,"3"
2019,5,17,5.357441922,"3"
2019,5,18,5.983061742,"3"
2019,5,19,6.556800894,"3"
2019,5,20,5.05836513,"3"
2019,5,21,4.49378139,"3"
2019,5,22,5.448996042,"3"
2019,5,23,6.001372566,"3"
2019,5,24,5.299457646,"3"
2019,5,25,4.908826734,"3"
2019,5,26,5.488669494,"3"
2019,5,27,5.949491898,"3"
2019,5,28,7.10307381,"3"
2019,5,29,8.00335599,"3"
2019,5,30,9.022658526,"3"
2019,5,31,9.617760306,"3"
2020,5,1,0.810253962,"3"
2020,5,2,1.499961666,"3"
2020,5,3,0.447089286,"3"
2020,5,4,-0.138857082,"3"
2020,5,5,1.496909862,"3"
2020,5,6,2.153047722,"3"
2020,5,7,2.537575026,"3"
2020,5,8,3.422598186,"3"
2020,5,9,2.073700818,"3"
2020,5,10,1.570153158,"3"
2020,5,11,2.177462154,"3"
2020,5,12,3.050278098,"3"
2020,5,13,3.27305979,"3"
2020,5,14,5.433737022,"3"
2020,5,15,5.152971054,"3"
2020,5,16,5.30250945,"3"
2020,5,17,5.415426198,"3"
2020,5,18,6.404210694,"3"
2020,5,19,6.376744458,"3"
2020,5,20,5.696192166,"3"
2020,5,21,6.06546045,"3"
2020,5,22,6.501868422,"3"
2020,5,23,7.048141338,"3"
2020,5,24,7.997252382,"3"
2020,5,25,7.71343461,"3"
2020,5,26,7.368580758,"3"
2020,5,27,7.215990558,"3"
2020,5,28,7.661553942,"3"
2020,5,29,7.914853674,"3"
2020,5,30,7.579155234,"3"
2020,5,31,7.478445702,"3"
2021,5,1,-0.025940334,"3"
2021,5,2,0.58747227,"3"
2021,5,3,0.224307594,"3"
2021,5,4,0.743114274,"3"
2021,5,5,0.721751646,"3"
2021,5,6,1.53353151,"3"
2021,5,7,3.093003354,"3"
2021,5,8,2.870221662,"3"
2021,5,9,2.83054821,"3"
2021,5,10,2.870221662,"3"
2021,5,11,2.302586118,"3"
2021,5,12,4.100098674,"3"
2021,5,13,4.002440946,"3"
2021,5,14,5.552757378,"3"
2021,5,15,4.896619518,"3"
2021,5,16,4.267947894,"3"
2021,5,17,5.037002502,"3"
2021,5,18,5.723658402,"3"
2021,5,19,6.001372566,"3"
2021,5,20,5.69924397,"3"
2021,5,21,6.440832342,"3"
2021,5,22,5.397115374,"3"
2021,5,23,5.983061742,"3"
2021,5,24,7.02677871,"3"
2021,5,25,8.497748238,"3"
2021,5,26,8.32379541,"3"
2021,5,27,7.994200578,"3"
2021,5,28,7.917905478,"3"
2021,5,29,7.505911938,"3"
2021,5,30,8.393986902,"3"
2021,5,31,8.52216267,"3"
2022,5,1,0.621042114,"3"
2022,5,2,1.081864518,"3"
2022,5,3,0.727855254,"3"
2022,5,4,1.448080998,"3"
2022,5,5,2.259860862,"3"
2022,5,6,1.429770174,"3"
2022,5,7,1.19783307,"3"
2022,5,8,2.381933022,"3"
2022,5,9,3.27305979,"3"
2022,5,10,3.01365645,"3"
2022,5,11,4.34119119,"3"
2022,5,12,4.606698138,"3"
2022,5,13,4.954603794,"3"
2022,5,14,5.037002502,"3"
2022,5,15,5.595482634,"3"
2022,5,16,6.66056223,"3"
2022,5,17,5.723658402,"3"
2022,5,18,6.269931318,"3"
2022,5,19,6.517127442,"3"
2022,5,20,6.49271301,"3"
2022,5,21,6.52323105,"3"
2022,5,22,6.361485438,"3"
2022,5,23,7.542533586,"3"
2022,5,24,8.073547482,"3"
2022,5,25,8.906689974,"3"
2022,5,26,7.640191314,"3"
2022,5,27,7.612725078,"3"
2022,5,28,8.52216267,"3"
2022,5,29,8.867016522,"3"
2022,5,30,8.500800042,"3"
2022,5,31,8.732737146,"3"
