"","year","scenario","breed_start","breed_end","precip_start","precip_end","avg_min_temp","precipitation","mean_April_temp"
"1",2025,1,107,128,118,138,2.23489155654545,0.11986065857143,5.8780796844
"2",2026,1,110,131,121,141,1.61482047109091,0.110864410952382,5.0055689208
"3",2027,1,111,132,122,142,2.00489650963636,0.120794884285715,4.6424042448
"4",2028,1,111,132,122,142,2.19369220254545,0.0938407423809533,4.7575589824
"5",2029,1,107,128,118,138,2.06038385509091,0.154461610952382,5.8112451768
"6",2030,1,107,128,118,138,1.88781821072727,0.121867513809525,5.962207748
"7",2031,1,107,128,118,138,1.70373894218182,0.123216950952382,5.7772684256
"8",2032,1,109,130,120,140,1.74923856545455,0.118511221428572,5.1342533228
"9",2033,1,111,132,122,142,2.27137448618182,0.145084752857144,4.7524726424
"10",2034,1,109,130,120,140,2.02015552963636,0.121037090952382,5.1932548668
"11",2035,1,109,130,120,140,2.18287217018182,0.11660816904762,5.3565263808
"12",2036,1,108,129,119,139,2.15845773818182,0.140517427142858,5.6764571668
"13",2037,1,108,129,119,139,1.97035563709091,0.116365962380953,5.6213212412
"14",2038,1,106,127,117,137,2.03694045163636,0.109549574761906,6.1373812976
"15",2039,1,109,130,120,140,1.585412178,0.109168964285715,5.2687361524
"16",2040,1,109,130,120,140,2.14042435090909,0.100587928095239,5.424072976
"17",2041,1,107,128,118,138,2.09867012345455,0.109895584285715,5.9106322604
"18",2042,1,104,125,115,135,2.06399053254545,0.131970991904763,6.796876142
"19",2043,1,104,125,115,135,2.45351169763636,0.107681123333334,6.8735781492
"20",2044,1,109,130,120,140,2.19161142709091,0.112836665238096,5.3861288796
"21",2045,1,108,129,119,139,1.70803921145455,0.131451977619048,5.6012810616
"22",2046,1,106,127,117,137,2.61317653418182,0.131590381428572,6.2484669632
"23",2047,1,108,129,119,139,2.49901132090909,0.126504041428573,5.44747014
"24",2048,1,107,128,118,138,2.00337060763636,0.115846948095239,5.9460331868
"25",2049,1,108,129,119,139,1.94275068272727,0.122282725238096,5.4823624324
"26",2050,1,108,129,119,139,2.26069317218182,0.146572593809524,5.7426813136
"27",2051,1,107,128,118,138,2.25972214363636,0.123839768095239,5.8505117216
"28",2052,1,106,127,117,137,1.77906301363636,0.123113148095239,6.1494867868
"29",2053,1,107,128,118,138,1.92707550763636,0.13006793952381,5.8801142204
"30",2054,1,108,129,119,139,1.96771998818182,0.122974744285715,5.5192892608
"31",2055,1,106,127,117,137,2.16927777054545,0.12058727857143,6.1088977936
"32",2056,1,105,126,116,136,2.259860862,0.124566388095239,6.4081780392
"33",2057,1,108,129,119,139,1.82692084909091,0.123735965238096,5.6016879688
"34",2058,1,109,130,120,140,2.13820485709091,0.143285503333334,5.252663318
"35",2059,1,108,129,119,139,2.52758730381818,0.11913403857143,5.6948697176
"36",2060,1,104,125,115,135,2.48763641509091,0.150932313809525,6.9477369864
"37",2061,1,105,126,116,136,1.59650964709091,0.101729759523811,6.4317786568
"38",2062,1,107,128,118,138,2.17232957454545,0.136365312857144,5.8897782664
"39",2063,1,104,125,115,135,3.25252947218182,0.120275870000001,7.0075523448
"40",2064,1,104,125,115,135,1.82081724109091,0.126850050952382,6.9013495656
"41",2065,1,106,127,117,137,2.15942876672727,0.11951464904762,6.2159143872
"42",2066,1,106,127,117,137,2.45739581181818,0.104705441428572,6.3676907728
"43",2067,1,103,124,114,134,2.16456134618182,0.121867513809525,7.0662487084
"44",2068,1,105,126,116,136,2.05636102254545,0.104290230000001,6.451005022
"45",2069,1,106,127,117,137,2.17635240709091,0.11844201952381,6.2148971192
"46",2070,1,105,126,116,136,2.11809069436364,0.120760283333334,6.5139739112
"47",2071,1,108,129,119,139,1.94774454381818,0.125500613809525,5.6675052084
"48",2072,1,106,127,117,137,2.06662618145455,0.118026808095239,6.1297517876
"49",2073,1,106,127,117,137,2.44491115909091,0.110933612857144,6.2805109052
"50",2074,1,102,123,113,133,2.55685687854545,0.119237841428572,7.6195407736
"51",2075,1,105,126,116,136,2.31853872981818,0.130448550000001,6.6418444988
"52",2076,1,108,129,119,139,2.53188757309091,0.123389955714287,5.55428328
"53",2077,1,106,127,117,137,2.64910459036364,0.124531787142858,6.3386986348
"54",2078,1,105,126,116,136,2.29079505709091,0.115258731904763,6.548154116
"55",2079,1,105,126,116,136,2.56462510690909,0.124254979523811,6.6357408908
"56",2080,1,107,128,118,138,1.95357071509091,0.12280173952381,5.9279258164
"57",2081,1,107,128,118,138,2.35030523509091,0.119376245238096,5.8872350964
"58",2082,1,105,126,116,136,2.21158687145455,0.138302966190477,6.4563965424
"59",2083,1,108,129,119,139,2.65701153709091,0.14387371952381,5.5501124812
"60",2084,1,106,127,117,137,1.77864685854545,0.118407418571429,6.130565602
"61",2085,1,107,128,118,138,2.39538870327273,0.135396486190477,5.93321561
"62",2086,1,105,126,116,136,2.19216630054545,0.132386203333334,6.4010571632
"63",2087,1,106,127,117,137,1.97410103290909,0.157264288095239,6.2688123232
"64",2088,1,106,127,117,137,1.95190609472727,0.11297506904762,6.2350390256
"65",2089,1,107,128,118,138,2.24474056036364,0.135984702380953,5.8741123392
"66",2090,1,107,128,118,138,2.45864427709091,0.107577320476191,5.9636319232
"67",2091,1,105,126,116,136,2.78116447254545,0.141036441428572,6.5056323136
"68",2092,1,104,125,115,135,2.08230135654545,0.126884651904763,6.7415367628
"69",2093,1,105,126,116,136,2.29759225690909,0.162246825238096,6.5010546076
"70",2094,1,106,127,117,137,1.99879290163636,0.124151176666667,6.0815332844
"71",2095,1,108,129,119,139,2.45836684036364,0.117023380476191,5.596499902
"72",2096,1,107,128,118,138,2.26970986581818,0.131555780476192,6.0202937508
"73",2097,1,104,125,115,135,2.26873883727273,0.122213523333334,6.850282712
"74",2098,1,108,129,119,139,2.81001789218182,0.117611596666668,5.4316007592
"75",2099,1,106,127,117,137,1.95273840490909,0.132282400476191,6.0734968672
"76",2100,1,109,130,120,140,1.96716511472727,0.117473192857144,5.163652368
"77",2025,2,110,131,121,141,1.62439203818182,0.101522153809525,5.029881626
"78",2026,2,111,132,122,142,2.00697728509091,0.126504041428572,4.7351790864
"79",2027,2,107,128,118,138,1.82705956745455,0.106262484285715,5.8334216192
"80",2028,2,108,129,119,139,1.54088358327273,0.132628410000001,5.4661878712
"81",2029,2,112,133,123,143,2.07689134036364,0.119064836666668,4.272016966
"82",2030,2,107,128,118,138,2.328526452,0.128268690000001,5.8352527016
"83",2031,2,109,130,120,140,1.66711729418182,0.123943570952382,5.369649138
"84",2032,2,107,128,118,138,2.16261928909091,0.11698877952381,5.7917136312
"85",2033,2,106,127,117,137,2.351414982,0.122386528095239,6.1374830244
"86",2034,2,108,129,119,139,2.12766226145455,0.119583850952382,5.431193852
"87",2035,2,107,128,118,138,1.98256285309091,0.114739717619048,5.8939490652
"88",2036,2,107,128,118,138,1.61412687927273,0.125189205238096,5.7792012348
"89",2037,2,109,130,120,140,2.43062316763636,0.113078871904763,5.2781967448
"90",2038,2,106,127,117,137,2.02417836218182,0.11370168904762,6.3092995896
"91",2039,2,107,128,118,138,1.33738374381818,0.139064187142858,5.9534592432
"92",2040,2,106,127,117,137,2.21491611218182,0.124324181428573,6.1582352916
"93",2041,2,107,128,118,138,1.76449758545455,0.117403990952382,5.7447158496
"94",2042,2,109,130,120,140,2.360570394,0.133216626190477,5.40423625
"95",2043,2,107,128,118,138,1.95107378454545,0.119826057619049,5.9384036768
"96",2044,2,109,130,120,140,2.14416974672727,0.0908650604761913,5.3145132124
"97",2045,2,106,127,117,137,2.43644933890909,0.123251551904763,6.1883464244
"98",2046,2,106,127,117,137,2.65382101472727,0.120033663333334,6.2193730984
"99",2047,2,108,129,119,139,2.29440173454545,0.12058727857143,5.721623866
"100",2048,2,107,128,118,138,2.24890211127273,0.132801414761906,5.7834737604
"101",2049,2,105,126,116,136,2.02695272945455,0.109514973809525,6.5020718756
"102",2050,2,107,128,118,138,1.79279613163636,0.113182674761905,5.7961896104
"103",2051,2,107,128,118,138,2.790874758,0.11370168904762,6.0040174628
"104",2052,2,108,129,119,139,2.565041262,0.135431087142858,5.6121658292
"105",2053,2,105,126,116,136,2.62094476254545,0.119341644285715,6.483557598
"106",2054,2,106,127,117,137,1.95523533545455,0.153527385238096,6.3358502844
"107",2055,2,106,127,117,137,2.52176113254545,0.141417051904763,6.0784814804
"108",2056,2,106,127,117,137,2.31132537490909,0.112075444285715,6.2397184584
"109",2057,2,107,128,118,138,2.95955628818182,0.119826057619049,6.0012708392
"110",2058,2,104,125,115,135,2.91405666490909,0.111210420476191,6.9083687148
"111",2059,2,106,127,117,137,2.23669489527273,0.129791131904763,6.1991294652
"112",2060,2,105,126,116,136,2.15207669345455,0.110933612857144,6.5179412564
"113",2061,2,106,127,117,137,2.28011374309091,0.11553553952381,6.3260845116
"114",2062,2,105,126,116,136,2.48541692127273,0.119722254761906,6.5940329028
"115",2063,2,103,124,114,134,2.67587723454545,0.143008695714286,7.1038876244
"116",2064,2,103,124,114,134,2.39427895636364,0.124151176666668,7.0423429104
"117",2065,2,106,127,117,137,2.78074831745455,0.124047373809524,6.128531066
"118",2066,2,104,125,115,135,2.40593129890909,0.114013097619049,6.9620804652
"119",2067,2,105,126,116,136,2.54908865018182,0.100380322380953,6.6489653748
"120",2068,2,103,124,114,134,2.23641745854545,0.108303940476191,7.13104868
"121",2069,2,101,122,112,132,2.93750006836364,0.125466012857144,7.7451733716
"122",2070,2,107,128,118,138,2.85926291127273,0.117819202380953,5.8475616444
"123",2071,2,104,125,115,135,2.76507314236364,0.114532111904763,7.0002280152
"124",2072,2,106,127,117,137,2.07148132418182,0.123701364285715,6.1481643384
"125",2073,2,102,123,113,133,2.58362952272727,0.129721930000001,7.5779345124
"126",2074,2,103,124,114,134,3.07413765654545,0.138129961428572,7.1380678292
"127",2075,2,103,124,114,134,2.87521552309091,0.141382450952382,7.2445757888
"128",2076,2,102,123,113,133,2.64300098236364,0.113044270952382,7.5324626328
"129",2077,2,103,124,114,134,3.00311385436364,0.12169450904762,7.0713350484
"130",2078,2,103,124,114,134,2.81750868381818,0.103563610000001,7.1146706652
"131",2079,2,104,125,115,135,2.41383824563636,0.107854128095239,6.9705237896
"132",2080,2,102,123,113,133,2.68683598527273,0.118995634761906,7.4654246716
"133",2081,2,101,122,112,132,3.53343415854545,0.149582876666667,7.9508649612
"134",2082,2,101,122,112,132,2.94332623963636,0.123770566190477,7.8795544744
"135",2083,2,104,125,115,135,2.92876081145455,0.114808919523811,6.980493016
"136",2084,2,104,125,115,135,2.43298137981818,0.114116900476191,6.8040987448
"137",2085,2,100,121,111,131,2.934309546,0.127403666190477,8.0841270692
"138",2086,2,99,120,110,130,2.73760690636364,0.134600664285715,8.3018224212
"139",2087,2,99,120,110,130,2.98660636909091,0.135015875714287,8.4577696056
"140",2088,2,104,125,115,135,2.30785741581818,0.139583201428573,6.7756152408
"141",2089,2,106,127,117,137,2.65867615745455,0.129583526190477,6.2591482772
"142",2090,2,104,125,115,135,3.28387982236364,0.121902114761906,6.9329866004
"143",2091,2,102,123,113,133,3.08870308472727,0.124670190952382,7.6083508256
"144",2092,2,102,123,113,133,2.98341584672727,0.135707894761906,7.40825421
"145",2093,2,103,124,114,134,3.01435004181818,0.136538317619049,7.3178190848
"146",2094,2,104,125,115,135,2.82347357345455,0.13695352904762,6.9460076308
"147",2095,2,102,123,113,133,3.24753561109091,0.116054553809525,7.5545373484
"148",2096,2,100,121,111,131,2.65715025545455,0.129964136666668,8.0006093664
"149",2097,2,101,122,112,132,2.96080475345455,0.12062187952381,7.6852562864
"150",2098,2,99,120,110,130,3.05041681636364,0.13550028904762,8.2956170864
"151",2099,2,102,123,113,133,3.205920102,0.120587278571429,7.612725078
"152",2100,2,103,124,114,134,2.96538245945455,0.109584175714287,7.1280986028
"153",2025,3,109,130,120,140,1.60746839781818,0.0965742176190488,5.2617170032
"154",2026,3,111,132,122,142,1.75312267963636,0.129825732857143,4.6772965372
"155",2027,3,112,133,123,143,2.078278524,0.122351927142858,4.3216596444
"156",2028,3,108,129,119,139,1.40521702363636,0.115673943333334,5.6330198232
"157",2029,3,109,130,120,140,2.18037523963636,0.119653052857143,5.3774821016
"158",2030,3,111,132,122,142,1.98714055909091,0.114255304285715,4.6869605832
"159",2031,3,108,129,119,139,2.14749898745455,0.107577320476192,5.5539780996
"160",2032,3,108,129,119,139,1.58166678218182,0.115224130952382,5.481548618
"161",2033,3,108,129,119,139,1.61343328745455,0.117923005238096,5.6006707008
"162",2034,3,107,128,118,138,1.87422381109091,0.124670190952382,5.8216213104
"163",2035,3,108,129,119,139,2.33726570890909,0.122455730000001,5.6642499508
"164",2036,3,105,126,116,136,2.07383953636364,0.103978821428572,6.4478514912
"165",2037,3,106,127,117,137,2.52633883854545,0.134635265238096,6.2767470136
"166",2038,3,106,127,117,137,2.40509898872727,0.13733413952381,6.2888525028
"167",2039,3,106,127,117,137,2.35418934927273,0.118891831904763,6.3290345888
"168",2040,3,107,128,118,138,2.29592763654545,0.129514324285715,5.791306724
"169",2041,3,107,128,118,138,2.27331654327273,0.11733478904762,5.9120564356
"170",2042,3,108,129,119,139,1.94940916418182,0.111245021428572,5.4857194168
"171",2043,3,105,126,116,136,2.57225461690909,0.122905542380953,6.6088850156
"172",2044,3,105,126,116,136,2.23128487909091,0.113459482380953,6.4694175728
"173",2045,3,104,125,115,135,2.84261670763636,0.132420804285715,6.8799869376
"174",2046,3,105,126,116,136,2.41744492309091,0.123320753809525,6.6577138796
"175",2047,3,106,127,117,137,2.520790104,0.132732212857144,6.117341118
"176",2048,3,104,125,115,135,2.17343932145455,0.126919252857144,6.7155964288
"177",2049,3,105,126,116,136,2.45198579563636,0.112871266190477,6.3907827564
"178",2050,3,105,126,116,136,3.11228520654545,0.117438591904763,6.5558853528
"179",2051,3,106,127,117,137,2.29537276309091,0.119999062380954,6.323846522
"180",2052,3,106,127,117,137,2.65867615745455,0.119860658571429,6.3352399236
"181",2053,3,104,125,115,135,2.91891180763636,0.145465363333334,6.8493671708
"182",2054,3,103,124,114,134,3.12213421036364,0.133701039523811,7.2244338824
"183",2055,3,102,123,113,133,3.03210599236364,0.139410196666668,7.4019471484
"184",2056,3,102,123,113,133,3.05443964890909,0.132697611904763,7.412323282
"185",2057,3,102,123,113,133,2.59819495090909,0.11515492904762,7.5585046936
"186",2058,3,103,124,114,134,2.59486571018182,0.136849726190477,7.3311452956
"187",2059,3,102,123,113,133,2.98549662218182,0.127230661428572,7.6236098456
"188",2060,3,102,123,113,133,2.67310286727273,0.141624657619049,7.468273022
"189",2061,3,101,122,112,132,3.05124912654545,0.107854128095239,7.8470018984
"190",2062,3,102,123,113,133,3.28512828763636,0.136053904285716,7.6374446904
"191",2063,3,101,122,112,132,2.93791622345455,0.14238587857143,7.7489372632
"192",2064,3,100,121,111,131,2.85607238890909,0.124324181428572,8.1273609592
"193",2065,3,102,123,113,133,3.32591148654545,0.130586953809525,7.4019471484
"194",2066,3,100,121,111,131,3.26945311254545,0.132005592857143,8.1022344396
"195",2067,3,98,119,109,129,3.33506689854545,0.125881224285715,8.6163616868
"196",2068,3,100,121,111,131,2.99520690763636,0.119687653809525,8.2288843056
"197",2069,3,99,120,110,130,3.41510739436364,0.138994985238097,8.5651931064
"198",2070,3,99,120,110,130,2.94138418254545,0.148510247142858,8.384322856
"199",2071,3,100,121,111,131,3.40040324781818,0.119583850952382,8.2718130152
"200",2072,3,99,120,110,130,2.95026215781818,0.146018978571429,8.3496340172
"201",2073,3,98,119,109,129,3.34311256363636,0.14349310904762,8.7080175336
"202",2074,3,100,121,111,131,3.57865634509091,0.149444472857144,8.2818839684
"203",2075,3,98,119,109,129,3.19926162054545,0.132282400476191,8.6948947764
"204",2076,3,95,116,106,126,2.75702747727273,0.125189205238096,9.6586544796
"205",2077,3,98,119,109,129,3.36267185290909,0.134704467142858,8.6792288492
"206",2078,3,97,118,108,128,3.29456113636364,0.149755881428572,9.017572186
"207",2079,3,98,119,109,129,3.52719183218182,0.147472218571429,8.7030329204
"208",2080,3,94,115,105,125,2.93847109690909,0.120448874761906,10.014494826
"209",2081,3,94,115,105,125,3.31065246654545,0.128822305238096,9.9721764772
"210",2082,3,96,117,107,127,3.42634358181818,0.128061084285715,9.305967664
"211",2083,3,95,116,106,126,3.34963232672727,0.137610947142858,9.6941571328
"212",2084,3,97,118,108,128,3.22201143218182,0.114462910000001,9.2343519968
"213",2085,3,97,118,108,128,3.40414864363636,0.161381801428572,9.0178773664
"214",2086,3,95,116,106,126,3.32715995181818,0.137230336666668,9.6900880608
"215",2087,3,95,116,106,126,3.37904061981818,0.148302641428572,9.8408471784
"216",2088,3,95,116,106,126,3.02378289054545,0.152454755714287,9.6814412828
"217",2089,3,95,116,106,126,3.17401487836364,0.131624982380953,9.7997495512
"218",2090,3,97,118,108,128,3.52552721181818,0.135673293809525,9.2338433628
"219",2091,3,94,115,105,125,3.24628714581818,0.128372492857144,10.099945338
"220",2092,3,91,112,102,122,3.05998838345455,0.129583526190477,11.0538375416
"221",2093,3,93,114,104,124,3.27694390418182,0.131417376666668,10.3121474428
"222",2094,3,93,114,104,124,3.38680884818182,0.153042971904763,10.3955634188
"223",2095,3,95,116,106,126,3.42273690436364,0.137507144285715,9.5783920344
"224",2096,3,93,114,104,124,2.99395844236364,0.143908320476191,10.4525304268
"225",2097,3,93,114,104,124,3.23102812581818,0.178128662380953,10.3037041184
"226",2098,3,94,115,105,125,3.21465935890909,0.140033013809525,10.108083482
"227",2099,3,93,114,104,124,3.37876318309091,0.152004943333334,10.2706429084
"228",2100,3,91,112,102,122,3.60445796072727,0.134566063333334,10.8956523676
